seller_id,orders,gmv,freight,late_rate,avg_delivery_days,median_delivery_days,avg_review,freight_to_gmv,gmv_share,cumulative_gmv_share,late_rank
2709af9587499e95e803a6498a5a56e9,26,1279.560000000001,579.4599999999998,0.5,12.73913043478261,15.0,2.5652173913043477,0.4528587952108532,0.00011462970578621901,0.9968701654058664,1
4342d4b2ba6b161468c63a7e7cfce593,20,2867.1000000000013,296.21000000000004,0.5,15.5,15.5,1.263157894736842,0.10331345261762753,0.00025684987766081183,0.9742538049018019,1
f76a3b1349b6df1ee875d1f3fa4340f0,24,4160.790000000001,588.1899999999999,0.375,16.875,15.5,3.4583333333333335,0.14136498116944132,0.0003727454230659304,0.9353276151275649,3
821fb029fc6e495ca4f08a35d51e53a5,28,19187.420000000002,1552.8300000000002,0.36,16.28,12.0,3.4285714285714284,0.0809295882406285,0.001718909866982879,0.601251796234706,4
ede0c03645598cdfc63ca8237acbe73d,46,2518.370000000001,751.5000000000003,0.3404255319148936,18.25531914893617,16.0,3.617021276595745,0.29840730313655267,0.00022560881252996359,0.981751940935046,5
54965bbe3e4f07ae045b90b0b8541f52,78,10961.299999999994,2203.5400000000004,0.32098765432098764,26.65432098765432,17.0,2.9382716049382718,0.20102907501847425,0.000981970829061928,0.7583930969617789,6
ad781527c93d00d89a11eecd9dcad7c1,44,6899.569999999994,2379.6900000000005,0.3157894736842105,25.42105263157895,21.0,3.0681818181818183,0.3449041027194452,0.000618099721116182,0.8599109071975578,7
b19f3ca2ea475913750f25a5c37c8d8f,24,6202.909999999997,1346.6399999999999,0.3157894736842105,18.36842105263158,16.0,2.7916666666666665,0.21709810395443438,0.0005556892590565467,0.8827755245618556,7
835f0f7810c76831d6c7d24c7a646d4d,44,5129.999999999998,964.0299999999999,0.3125,18.416666666666668,18.5,3.3,0.1879200779727096,0.00045957234571516987,0.9067999287313485,9
7f152321c60a266edc53af1925ef96c1,20,3919.7999999999984,552.12,0.3,23.35,15.5,3.8,0.14085412521046997,0.00035115627304762627,0.9447239551605928,10
2a1348e9addc1af5aaa619b1a3679d6b,52,2843.0000000000023,788.4000000000003,0.29411764705882354,27.215686274509803,13.0,3.0,0.27731269785437906,0.00025469087307372894,0.9747646083659077,11
4e5725ba188db8252977a4f0227bd462,22,1930.5900000000004,382.61,0.2916666666666667,20.625,17.5,3.44,0.19818293889432761,0.00017295239277080902,0.9905818683542837,12
054694fa03fe82cec4b7551487331d74,21,9983.1,720.65,0.2857142857142857,30.285714285714285,18.0,3.3636363636363638,0.07218699602327934,0.0008943385349920301,0.7751580918790923,13
66e0557ecc2b4dbea057e93f215f68d8,31,12480.0,497.99000000000007,0.26666666666666666,31.633333333333333,29.5,3.935483870967742,0.03990304487179488,0.0011180239521491856,0.7248359618997685,14
71039d19d4303bf9054d69e9a9236699,35,3537.2000000000025,621.4499999999998,0.2631578947368421,13.342105263157896,10.0,3.6842105263157894,0.17568981115006202,0.00031688095541202745,0.9601450673703725,15
6039e27294dc75811c0d8a39069f52c0,64,13670.699999999983,2376.4700000000007,0.25675675675675674,17.87837837837838,17.0,3.8266666666666667,0.17383674574089136,0.0012246931123914946,0.6873230287568081,16
a49928bcdf77c55c6d6e05e09a9b4ca5,98,8816.699999999983,1757.5499999999995,0.25,16.76923076923077,14.0,2.952830188679245,0.19934329170778217,0.0007898462963873161,0.8095613838397013,17
ef990a83bbea832f36ebe81376335aa8,43,4642.59,914.65,0.25,16.90909090909091,14.0,3.659090909090909,0.19701287427922776,0.00041590759775707434,0.9220444970755817,17
ff69aa92bb6b1bf9b8b7a51c2ed9cf8b,20,21940.8,1754.3999999999999,0.25,11.5,7.5,3.65,0.07996062130824765,0.0019655721097207412,0.5829795724437216,17
602044f2c16190c2c6e45eb35c2e21cb,50,3739.1599999999967,938.28,0.23636363636363636,15.8,13.0,2.9642857142857144,0.2509333647129304,0.0003349735930222873,0.9512692821561938,20
06a2c3af7b3aee5d69171b0e14f0ee87,392,36408.95000000018,12141.289999999983,0.236318407960199,17.65174129353234,16.0,4.0,0.3334699297837461,0.00326170498177903,0.45726521549636184,21
beadbee30901a7f61d031b6b686095ad,64,4373.98,937.54,0.23529411764705882,13.470588235294118,9.0,3.9411764705882355,0.21434483010896255,0.00039184410306261977,0.9284817296095719,22
cac4c8e7b1ca6252d8f20b2fc1a2e4af,75,4168.179999999992,1554.36,0.23170731707317074,19.829268292682926,14.0,3.5304878048780486,0.3729109587397864,0.0003734074580824666,0.9345819495901906,23
ea566164622c6b439516ab18062c42cd,50,10309.42,858.56,0.23076923076923078,14.153846153846153,10.0,3.75,0.08327917574412527,0.0009235719946126488,0.768822722256544,24
1dfe5347016252a7884b694d4f10f5c4,21,1693.4999999999998,436.22999999999985,0.23076923076923078,19.46153846153846,17.0,3.1923076923076925,0.25759078830823734,0.00015171262523755173,0.9931694066846218,24
99a54764c341d5dc80b4a8fac4eba3fb,45,3708.7600000000016,1317.5,0.22727272727272727,7.015151515151516,5.0,3.4696969696969697,0.35524002631607315,0.0003322502013439756,0.9532701795227102,26
bbad7e518d7af88a0897397ffdca1979,69,4462.220000000002,1338.1999999999996,0.2261904761904762,15.166666666666666,12.0,3.0357142857142856,0.2998955676770753,0.0003997491057499312,0.9264998897138358,27
6ec1a01e866584bb679eb9b098345919,31,4248.909999999998,814.8499999999999,0.22580645161290322,14.483870967741936,10.0,4.133333333333334,0.19177859733437524,0.00038063967552293224,0.931566345151616,28
2a261b5b644fa05f4f2700eb93544f2c,51,5355.0,2041.7300000000005,0.21951219512195122,14.378048780487806,9.0,3.3536585365853657,0.3812754435107377,0.0004797290275447828,0.9007309650453533,29
28f10b1c5e5abb9d4857745bede6147c,28,835.0,350.41999999999996,0.21428571428571427,7.607142857142857,6.5,4.0,0.41966467065868257,7.480368590100721e-05,0.9993366238922327,30
712e6ed8aa4aa1fa65dab41fed5737e4,79,39815.0,6889.130000000001,0.21176470588235294,23.68235294117647,16.0,3.453488372093023,0.17302850684415425,0.003566836831315691,0.43386677484145614,31
cfe94489ddd337d1e29e12f2a7205d10,20,2376.0,296.81999999999994,0.20833333333333334,7.708333333333333,5.5,4.125,0.1249242424242424,0.00021285456012071034,0.983497990654297,32
d13e50eaa47b4cbe9eb81465865d8cfc,67,7155.049999999993,857.79,0.20588235294117646,4.926470588235294,4.0,4.811594202898551,0.11988595467536926,0.0006409869614443127,0.8542761094796472,33
c60b801f2d52c7f7f91de00870882a75,41,12913.499999999998,739.39,0.20512820512820512,16.0,15.0,3.317073170731707,0.0572571340070469,0.001156859159140906,0.7134574558806855,34
cd68562d3f44870c08922d380acae552,125,18569.699999999997,2207.489999999999,0.20155038759689922,16.697674418604652,14.0,3.8396946564885495,0.11887591075784743,0.001663571264761597,0.6114085332040418,35
411f3b52d857390502ee4e4d5ceabc2d,21,1804.0099999999998,378.7099999999999,0.2,8.366666666666667,6.0,4.2592592592592595,0.2099267742418279,0.00016161269149973174,0.9922378562274147,36
1ca7077d890b907f89be8c954a02686a,115,13341.569999999996,1659.8599999999972,0.1968503937007874,14.984251968503937,13.0,2.198529411764706,0.12441264408911377,0.0011952079182111384,0.6982083016673731,37
88460e8ebdecbfecb5f9601833981930,248,31546.550000000156,4996.55,0.19666666666666666,18.233333333333334,16.0,3.355481727574751,0.15838657476015525,0.0028261056496532103,0.49562297340521566,38
3fd1e727ba94cfe122d165e176ce7967,37,2805.2000000000016,589.2200000000001,0.19444444444444445,15.555555555555555,13.0,3.8157894736842106,0.2100456295451304,0.00025130455052635393,0.9762774175049614,39
0bf0150d5b9d60d9cd2906003332f085,39,5774.599999999998,1097.74,0.1935483870967742,14.016129032258064,10.0,3.711864406779661,0.19009801544695745,0.0005173189995256959,0.8907901473476288,40
0d85bbda9889ce1f7e63778d24f346eb,51,4845.200000000001,1624.4999999999993,0.1896551724137931,18.20689655172414,13.0,4.211538461538462,0.33528027738793015,0.0004340584657815092,0.9143935053092772,41
e5a3438891c0bfdb9394643f95273d8e,224,7738.350000000022,3374.2699999999973,0.18218623481781376,15.34412955465587,13.0,3.8293650793650795,0.43604515174423325,0.0006932420392719291,0.8375803971091185,42
d93919c944be9cff128f6c9cb899eacb,33,2666.7000000000016,957.31,0.18181818181818182,22.818181818181817,19.0,4.0,0.3589867626654664,0.00023889699304457013,0.9792122106705977,43
f593898ec748b7a8cb81fc04edafd98a,20,2813.0399999999986,728.0799999999999,0.18181818181818182,18.0,13.5,3.4782608695652173,0.25882319483548055,0.00025200689890655,0.9757746202748783,43
8160255418d5aaa7dbdc9f4c64ebda44,385,47017.69000000036,7853.809999999997,0.1792452830188679,16.691037735849058,14.0,3.8309859154929575,0.1670394696123935,0.00421209163419276,0.3681917500304842,45
d97df38225e5abadaff1e72cb72b823c,29,1846.0,516.9200000000001,0.17857142857142858,12.107142857142858,9.0,3.925925925925926,0.28002166847237275,0.00016537437625540038,0.991585431916774,46
e0878efa0e0b7e5313ac0b43bc04c081,27,5065.299999999999,529.6100000000001,0.17857142857142858,18.107142857142858,14.5,3.4482758620689653,0.10455649221171505,0.00045377617987349915,0.9090794774425929,46
834f8533b2ecb6598dd004ff3de7203a,43,4538.29,958.0199999999998,0.17777777777777778,14.955555555555556,12.0,3.723404255319149,0.21109713129835242,0.0004065638559133916,0.9236812429323118,48
d20b021d3efdf267a402c402a48ea64b,90,4140.169999999995,1574.9999999999993,0.17647058823529413,16.647058823529413,13.0,3.638095238095238,0.3804191615320147,0.0003708981751578115,0.9364429147921832,49
11bfa66332777660bd0640ee84d47006,76,3925.8699999999926,1682.6699999999994,0.17647058823529413,16.08823529411765,13.0,3.784313725490196,0.42861072832263997,0.0003517000555307624,0.9436702829829265,49
b17b679f4f5ce2e03ce6968c62648246,55,4084.749999999999,1076.07,0.17647058823529413,19.19607843137255,18.0,3.6140350877192984,0.2634359507925822,0.0003659333604600469,0.9390144854471024,49
f918546be4bec7104d117789ba758b2b,20,1483.0,347.1500000000001,0.17391304347826086,11.91304347826087,8.0,3.8260869565217392,0.2340863115306811,0.00013285492957029185,0.9950262652986362,52
323ce52b5b81df2cd804b017b7f09aa7,30,2554.200000000001,401.46999999999997,0.1724137931034483,17.03448275862069,17.0,4.310344827586207,0.1571803304361443,0.00022881865212976373,0.9810720273896525,53
ec8879960bd2221d5c32f8e12f7da711,36,4062.4000000000024,818.9800000000004,0.17142857142857143,16.314285714285713,12.0,4.314285714285714,0.20160003938558485,0.0003639311300649723,0.9397437712168958,54
2c9e548be18521d1c43cde1c582c6de8,126,6109.439999999987,2493.6099999999983,0.1695906432748538,13.68421052631579,9.0,3.9239766081871346,0.40815688508275777,0.0005473157254982617,0.8849680627006828,55
6973a06f484aacf400ece213dbf3d946,95,11011.049999999994,1363.5700000000018,0.16666666666666666,14.925925925925926,11.0,3.526315789473684,0.12383650968799546,0.000986427695377587,0.755439099405548,56
891071be6ba827b591264c90c2ae8a63,92,4177.279999999993,1277.0699999999997,0.16666666666666666,13.188888888888888,10.0,3.704081632653061,0.3057180749195653,0.0003742226838809089,0.9342085421321081,56
002100f778ceb8431b7a1020ff7ab48f,51,1234.5000000000002,793.6600000000004,0.16666666666666666,16.0,14.0,3.981818181818182,0.6428999594977726,0.00011059299430514182,0.9972059551205396,56
850913d59ce317156b00f3705f1c3edb,32,2690.0,580.96,0.16666666666666666,13.333333333333334,11.0,3.3529411764705883,0.21597026022304833,0.0002409843294295921,0.9789733136775532,56
3771c85bac139d2344864ede5d9341e3,26,1433.3000000000004,408.9599999999999,0.16666666666666666,12.766666666666667,13.0,3.566666666666667,0.2853275657573431,0.0001284025425172619,0.9954176749132243,56
e7df4cd29ab5abab70fb0783ddb53987,23,9608.699999999999,413.36999999999995,0.16666666666666666,10.25,10.0,4.291666666666667,0.04302038777358019,0.0008607978164275544,0.7856211100767548,56
e99e927c81e3f51739c94fcdfca9f10f,22,2702.83,657.6399999999999,0.16666666666666666,13.875,11.0,3.56,0.24331533984749315,0.00024213370822014288,0.9782490643906598,56
f7ba60f8c3f99e7ee4042fdef03b70c4,219,68395.0,4341.010000000003,0.16593886462882096,13.043668122270743,10.0,4.2043478260869565,0.06346969807734487,0.006127183349939387,0.2695570010603884,63
abe42c5d03695b4257b5c6cbf4e6784e,50,17159.0,999.23,0.16326530612244897,14.285714285714286,11.0,3.9183673469387754,0.058233580045457194,0.0015371933489525542,0.6302738006168493,64
3c03b12bab54d8b37d79d914bfdb1aa0,37,4236.34,683.4300000000003,0.16279069767441862,13.651162790697674,11.0,3.880952380952381,0.16132557821138063,0.00037951358889805136,0.9319458587405139,65
dd55f1bb788714a40e7954c3be6df745,35,7041.759999999997,659.4199999999998,0.16216216216216217,18.72972972972973,16.0,3.810810810810811,0.09364420258571723,0.0006308378481799717,0.8561782337300835,66
56642bcb79900e777d68e91915cb4267,48,3657.6399999999994,814.15,0.16071428571428573,14.25,10.0,3.767857142857143,0.22258888244879216,0.0003276706032322874,0.9572241643981482,67
b74d1c09cb380e1d03a6f859c6f4224b,31,2221.5999999999995,831.5999999999998,0.15789473684210525,11.473684210526315,10.0,4.205128205128205,0.37432481094706516,0.00019902259712296715,0.9857554996017023,68
06579cb253ecd5a3a12a9e6eb6bf8f47,62,4727.2,1499.4099999999999,0.15714285714285714,10.857142857142858,8.0,3.763888888888889,0.317187764427145,0.0004234874059775345,0.9195307492219379,69
a6fe7de3d16f6149ffe280349a8535a0,51,2904.8000000000025,742.62,0.1568627450980392,14.745098039215685,12.0,4.0,0.25565271275130796,0.0002602272416829293,0.9729633230674762,70
8931a84a914b3fe9b1ddaa4d704947ca,29,4668.299999999999,424.5899999999999,0.15625,13.03125,11.0,3.774193548387097,0.09095173832015938,0.00041821083460080467,0.9212110326155676,71
e62b2d6ac10570a035a30bafcf01d263,62,5340.389999999998,1035.0800000000004,0.15492957746478872,14.690140845070422,13.0,3.8333333333333335,0.19382105052252754,0.0004784201870046464,0.901209385232358,72
ba143b05f0110f0dc71ad71b4466ce92,85,6110.579999999996,1343.0100000000007,0.15476190476190477,10.202380952380953,8.0,4.423529411764706,0.21978437398741224,0.0005474178526861992,0.8844207469751846,73
8b9d6eec4a7eb7d0f9d579ce0b38324d,49,4232.539999999996,1684.4399999999996,0.15384615384615385,9.98076923076923,7.0,4.056603773584905,0.39797379351406037,0.000379173164938262,0.9327045015975763,74
3f3486b61f45078d4f31ee5e43d8c5bb,40,3829.7300000000005,896.8400000000001,0.15384615384615385,13.76923076923077,12.0,4.325,0.23417838855480674,0.00034308732934810104,0.9492393609595475,74
15aac934c58d886785ac1b17953ea898,25,4353.9,665.6999999999999,0.15384615384615385,15.461538461538462,12.5,4.115384615384615,0.15289740232894647,0.00039004523119089254,0.9288717748407628,74
431af27f296bc6519d890aa5a05fdb11,117,13109.49999999997,2141.3499999999995,0.1532258064516129,16.887096774193548,15.0,3.774193548387097,0.16334337694038706,0.0011744178686458105,0.7076537621902408,77
903037660cf848a717166eb7a06d616e,45,7991.509999999991,1091.7700000000004,0.15254237288135594,11.576271186440678,7.0,3.7666666666666666,0.1366162339783097,0.0007159214418140808,0.8319934961464975,78
adbc26658d6c7b4b6219f9d934598091,88,11806.399999999992,1885.850000000001,0.15217391304347827,17.054347826086957,14.0,4.054347826086956,0.15973116275918164,0.0010576793260139532,0.7410786918157618,79
23c38debaffe4a25a30fdbd9b586a13f,41,5382.180000000003,834.38,0.15217391304347827,11.543478260869565,9.0,4.304347826086956,0.15502640194122075,0.0004821639547098003,0.898808594527835,79
cac876b37d3abcd6bd76caca30277996,27,2229.770000000001,729.0200000000001,0.15151515151515152,11.93939393939394,9.0,4.5625,0.326948519354014,0.00019975450863651367,0.9853571542968603,81
05f51e13da97139648b8125c31e5f51b,60,13769.009999999986,2019.2899999999997,0.15,12.15,8.0,4.095238095238095,0.1466546977596793,0.001233500238572247,0.683645257611375,82
cee48807215b30a12ca2ca10ffb5f250,39,7212.229999999998,913.2899999999997,0.15,23.35,20.5,3.7,0.1266307369565308,0.000646109446186612,0.8523463804294821,82
5b8154610ebb21fb90eb587365e673df,38,9397.539999999995,1077.44,0.15,13.125,11.0,4.195121951219512,0.11465128107994225,0.000841880994493594,0.7932652485712375,82
75d34ebb1bd0bd7dde40dd507b8169c3,62,15048.279999999986,1431.2300000000002,0.14925373134328357,16.134328358208954,14.0,3.8194444444444446,0.09510920849425991,0.001348103964635219,0.6644440481889647,85
a888faf2d1baececa6baf9c3d603ee1f,54,17765.799999999992,1121.5199999999998,0.14814814814814814,17.944444444444443,15.5,4.054545454545455,0.06312803251190491,0.0015915536802157046,0.6162600691416295,86
8d79c8a04e42d722a75097ce5cbcf2ef,27,2777.720000000001,757.4399999999998,0.14814814814814814,19.59259259259259,13.0,4.464285714285714,0.27268407182869386,0.00024884274778556387,0.9772749475006911,86
3b872fd4747f01cc56206f2934198618,25,2726.74,1116.37,0.14814814814814814,14.25925925925926,13.0,3.888888888888889,0.4094156391881881,0.00024427569160923637,0.9775192231923004,86
244c2f1bff6afe1f2eaf9bfe9b2aed38,23,2580.0,1214.8700000000001,0.14814814814814814,15.222222222222221,14.0,3.814814814814815,0.47087984496124036,0.00023112995164622588,0.9803829394185425,86
7901646fdd36a55f564ffaf2dbccaaf7,22,11857.079999999998,621.75,0.14814814814814814,9.851851851851851,7.0,4.444444444444445,0.05243702496736128,0.0010622195066145083,0.7389619804264199,86
dd7ddc04e1b6c2c614352b383efe2d36,122,9178.509999999973,2893.4899999999984,0.14788732394366197,14.753521126760564,13.0,3.76056338028169,0.31524615651124277,0.0008222591366218583,0.7990916978116889,91
b561927807645834b59ef0d16ba55a24,85,4501.990000000002,1305.0400000000006,0.14736842105263157,12.442105263157895,9.0,4.336842105263158,0.2898806972027926,0.00040331191124488093,0.9248947531176241,92
b2479f944e1b90cf8a5de1bbfde284d6,103,4752.509999999985,2239.7100000000014,0.14728682170542637,15.325581395348838,11.0,3.3153846153846156,0.4712688663464166,0.0004257548087202331,0.9178340314137234,93
e96498ed8daaa3e9c23f7a62da76591c,34,9619.089999999995,713.1000000000001,0.14705882352941177,15.147058823529411,11.5,3.9411764705882355,0.07413383178658278,0.0008617286072018193,0.7838988873471319,94
2089a6d640999f9b9141ac719b2af596,44,8830.819999999996,695.1199999999999,0.14634146341463414,19.51219512195122,16.0,3.727272727272727,0.07871522689852134,0.0007911112401536913,0.8079810802755043,95
b18dc380845b24038cfc48006478f099,44,8353.3,895.6299999999998,0.14583333333333334,13.9375,10.0,3.9245283018867925,0.10721870398525132,0.000748332490343573,0.8188237930242754,96
432c37c9dfba871172ec162e20118b8c,46,2968.8700000000003,969.67,0.14545454545454545,15.672727272727272,13.0,4.175438596491228,0.3266124821901935,0.00026596696881547703,0.972438022021946,97
8f2ce03f928b567e3d56181ae20ae952,153,21712.900000000027,3837.110000000001,0.14534883720930233,14.296511627906977,13.0,4.063218390804598,0.17672029070276177,0.0019451556306586606,0.5849247280743802,98
ff1fb4c404b2efe68b03350a8dc24122,46,6771.0,895.9499999999998,0.14285714285714285,9.73469387755102,8.0,4.061224489795919,0.13232166592822328,0.0006065817451924788,0.8647895722371832,99
0ed6ce5d87fd9c69eaacaeb778d67235,43,2141.420000000001,687.83,0.14285714285714285,15.928571428571429,11.5,4.404761904761905,0.32120275331322196,0.0001918396515714191,0.9873231528323834,99
0ffa40d54288e4f3499b8780dd0f144f,33,2162.8,583.6700000000002,0.14285714285714285,13.314285714285715,10.0,4.4,0.2698677640096172,0.0001937549842714951,0.9869388401615048,99
4aba391bc3b88717ce08eb11e44937b2,29,7595.87,839.3399999999999,0.14285714285714285,16.642857142857142,12.0,3.9,0.11049952145047241,0.0006804779324848906,0.8430689388395258,99
2156f2671501a81034d7d07f217609d0,22,2981.4999999999995,452.39,0.14285714285714285,15.238095238095237,12.0,3.8636363636363638,0.15173234948851252,0.00026709843055551253,0.9721720550531305,99
f08c008c8a8d31417763738a1788a2a8,22,1291.7200000000003,422.97000000000014,0.14285714285714285,19.0,11.0,3.090909090909091,0.32744712476388077,0.00011571906245754378,0.9967555357000801,99
52f0fe436a347ddad7ed5f9aa4e27eaa,21,1484.3700000000006,476.53,0.14285714285714285,13.952380952380953,12.0,3.3043478260869565,0.32103181821244015,0.0001329776613663211,0.994893410369066,99
2eb70248d66e0e3ef83659f71b244378,202,42628.61000000014,3231.490000000001,0.14213197969543148,17.883248730964468,16.0,2.7139423076923075,0.07580566197208848,0.003818894793816222,0.4158361902480976,106
c31eff8334d6b3047ed34bebd4d62c36,122,13191.49999999998,2394.55,0.14049586776859505,12.710743801652892,11.0,3.8524590163934427,0.18152219232081293,0.0011817638593570481,0.701769563608421,107
048c2757535328e0d7dac690ad3c0aae,51,9264.779999999995,1286.28,0.14,18.42,16.0,4.18,0.13883546074488554,0.0008299876563615967,0.7966160174194222,108
900ba814c251a692506d7834c1218441,88,29099.690000000002,2368.2500000000023,0.13953488372093023,12.372093023255815,9.0,4.188235294117647,0.08138402848965065,0.002606903078534947,0.5119101053557957,109
2d50d6282f8aa2257819a77bfaa0efe0,44,3353.48,798.0400000000004,0.13953488372093023,13.720930232558139,13.0,3.6444444444444444,0.2379736870355572,0.0003004223528087541,0.9632148368443599,109
23613d49c3ac2bd302259e55c06c050c,70,4293.000000000003,2167.7599999999998,0.13924050632911392,13.848101265822784,12.0,3.6582278481012658,0.5049522478453292,0.00038458948930901097,0.9304225493140058,111
855668e0971d4dfd7bef1b6a4133b41b,312,32208.160000000054,7797.200000000003,0.1382636655948553,16.05466237942122,14.0,3.717391304347826,0.24208771938539766,0.002885376148610046,0.4842405121972314,112
fffd5413c0700ac820c7069d66d98c89,60,9062.300000000001,2833.74,0.13793103448275862,13.672413793103448,11.0,3.8666666666666667,0.3126954525892985,0.0008118484344199973,0.8039827659295334,113
57c764b4a836300be881e2ff86e449f9,29,1211.0000000000002,470.11,0.13793103448275862,15.448275862068966,13.0,4.172413793103448,0.38819983484723364,0.0001084877408696045,0.9975331464426703,113
7ecd59e5e20407131822c1a68ac59c1f,24,1466.71,587.81,0.13793103448275862,17.310344827586206,17.0,4.482758620689655,0.4007677045905461,0.0001313955858058279,0.9952892723707066,113
643214e62b870443ccbe55ab29a4dccf,66,3270.1300000000015,929.65,0.13636363636363635,9.469696969696969,7.0,4.426470588235294,0.28428533422218677,0.0002929554220065399,0.9644016998962937,116
13d058e4eeac2ce8217660b2f8a05812,23,3829.7699999999977,926.1099999999999,0.13636363636363635,11.363636363636363,10.0,4.217391304347826,0.24181869929525807,0.00034309091275820387,0.9488962736301993,116
3d5d0dc7073a299e31fa718ce1bc00b6,23,790.6999999999998,387.4300000000001,0.13636363636363635,8.318181818181818,7.0,4.166666666666667,0.48998355887188594,7.08350592118879e-05,0.9994810514447307,116
7b1222c3624aa89b9558b50a2594188c,22,10103.519999999997,457.57,0.13636363636363635,17.59090909090909,14.0,4.454545454545454,0.045288176793830286,0.0009051263911072385,0.7715721689097153,116
7e1fb0a3ebfb01ffb3a7dae98bf3238d,159,27349.530000000002,2986.4000000000024,0.13609467455621302,15.550295857988166,14.0,4.133720930232558,0.10919383258140093,0.002450114552886436,0.5195243483556412,120
d3f39f05462b79a4562d35893a28f159,34,2411.3,557.4700000000001,0.13513513513513514,12.0,8.0,3.3684210526315788,0.23119064405092693,0.00021601691953664515,0.9830711796354488,121
7aa4334be125fcdd2ba64b3180029f14,217,16234.809999999963,4368.5199999999995,0.1350210970464135,15.89873417721519,13.0,4.054621848739496,0.2690835310052911,0.0014543995543742853,0.639255857232749,122
f3da5b2ff499efb8d4a6d371d175d7dd,79,3702.2900000000013,1124.5700000000002,0.13414634146341464,11.207317073170731,7.0,3.8493975903614457,0.30374984131442967,0.0003316705847598085,0.95360185010747,123
1eade46fba20122dc4aefb379f8c636b,58,3635.369999999995,1038.3400000000001,0.13333333333333333,12.066666666666666,7.0,4.306666666666667,0.28562154608746887,0.0003256755396574182,0.9591847466093004,124
3ade81dab5a172b88e1871c28ae05260,30,5751.6,1551.3899999999999,0.13333333333333333,13.733333333333333,10.0,4.064516129032258,0.26973190068850406,0.0005152585387164469,0.8918213864821974,124
238fac594e170b59c6d228f5a4f4f1d9,29,3126.0,1419.52,0.13333333333333333,12.3,10.0,3.9655172413793105,0.4541010876519514,0.00028004349955275274,0.9678219860046251,124
1a932caad4f9d804097d7f8e615baed1,20,4661.0,1040.4499999999998,0.13333333333333333,8.766666666666667,7.0,3.566666666666667,0.22322462990774508,0.00041755686225699955,0.9216285894778246,124
8b28d096634035667e8263d57ba3368c,143,9375.699999999983,2591.4500000000003,0.13245033112582782,14.205298013245033,11.0,3.861842105263158,0.27640069541474294,0.0008399244525773318,0.7957860297630608,128
b33e7c55446eabf8fe1a42d037ac7d6d,152,44985.17000000004,2725.0699999999997,0.13157894736842105,16.32894736842105,13.5,4.15483870967742,0.06057707462259223,0.0040300078166268455,0.3886731819840953,129
14d7985702e72162bbf13b6beb74ab2b,37,3887.0,553.9999999999999,0.13157894736842105,11.026315789473685,8.5,4.342105263157895,0.1425263699511191,0.00034821787676313177,0.947169645993707,129
070d165398b553f3b4b851c216b8a358,32,3393.159999999996,1003.5899999999999,0.13157894736842105,11.0,9.0,3.5,0.2957685461339875,0.00030397709563097165,0.9626114613553571,129
440dd6ab244315c632130ecfb63827b1,94,13696.899999999983,2096.31,0.13043478260869565,16.565217391304348,14.0,3.851063829787234,0.1530499602099747,0.0012270402460089873,0.6848722978573839,132
406822777a0b9eb5c50e442dd4cd3ec5,45,3648.080000000002,948.2599999999999,0.13043478260869565,13.478260869565217,10.5,4.326086956521739,0.259933992675599,0.00032681416821766054,0.9585333390912766,132
4c8b8048e33af2bf94f2eb547746a916,23,2020.7300000000007,438.08000000000004,0.13043478260869565,19.0,12.0,3.111111111111111,0.21679294116482653,0.0001810276074380148,0.989351216030891,132
5058e8c1e82653974541e83690655b4a,63,10022.819999999985,3055.11,0.12987012987012986,26.441558441558442,25.0,3.0789473684210527,0.30481541123157,0.0008978968612243497,0.7724700657709397,135
e2aee0892199b1d92530e371abd825bf,38,5662.569999999996,2654.72,0.1282051282051282,14.820512820512821,12.0,3.8048780487804876,0.46881892850772733,0.0005072827636796001,0.8943728604774059,136
78c99c6dff4eeae5be99bf635ed21e3f,31,2030.880000000001,664.8900000000002,0.1282051282051282,13.974358974358974,12.0,4.333333333333333,0.32739009690380516,0.0001819368977516618,0.988988864288829,136
59b22a78efb79a4797979612b885db36,125,27184.500000000007,4897.5700000000015,0.12781954887218044,12.436090225563909,10.0,3.9696969696969697,0.18016038551380384,0.00243533029865381,0.5219596786542949,138
7ad32824caee82087b3e2e5f33b1bf32,151,22505.1,3545.219999999996,0.12777777777777777,11.4,8.0,3.7679558011049723,0.15752962661796643,0.00201612506774941,0.5730632885632677,139
4c498c7345e89aebad651544829beca0,48,4819.760000000001,569.9999999999999,0.1276595744680851,10.72340425531915,8.0,4.291666666666667,0.1182631500323667,0.0004317794169559744,0.9161246991060934,140
e9bc59e7b60fc3063eb2290deda4cced,216,34343.060000000085,4688.499999999998,0.12692307692307692,14.446153846153846,13.0,3.9442379182156135,0.1365195762986754,0.003076631704334672,0.4634527336180587,141
a416b6a846a11724393025641d4edd5e,162,25670.720000000005,2999.8000000000006,0.125,12.602272727272727,11.0,4.1602209944751385,0.11685687039553234,0.0022997179350092265,0.5408865852001374,142
165fc07beebdcb6190fba8a06db2a449,50,17481.399999999994,1600.0299999999993,0.125,13.328125,10.5,3.6875,0.09152756644204696,0.0015660756343830744,0.6225399442836169,142
1da366cade6d8276e7d8beea7af5d4bf,43,6917.589999999997,1756.1399999999994,0.125,17.458333333333332,16.0,3.9375,0.25386586947188255,0.0006197140473676027,0.8586736820041834,142
11305281b50fff20ae8bb473f8e11876,35,6528.699999999993,1444.51,0.125,14.025,13.0,4.35,0.2212553800909831,0.0005848752384932998,0.8725310818385429,142
f62d7bb4a613ec758a03342d46b580b2,32,24665.0,2125.59,0.125,13.875,11.5,4.375,0.08617839043178593,0.0022096202547884345,0.5543256720727082,142
e38db885400cd35c71dfd162f2c1dbcf,30,2066.800000000001,670.7499999999999,0.125,12.53125,11.0,4.5,0.3245355138378167,0.00018515480002419377,0.9882563991384216,142
977f9f63dd360c2a32ece2f93ad6d306,24,2858.870000000001,934.98,0.125,12.458333333333334,12.0,3.8,0.3270453011154756,0.00025611259103211086,0.974509917492834,142
04e38a233f726ef161074ab1c9b0399a,23,1352.1999999999998,459.07000000000005,0.125,11.583333333333334,9.0,3.7857142857142856,0.3394985948824139,0.00012113717853334364,0.996166914006324,142
23a0ffca143a15b9b5bbdb7d552f626a,23,3718.51,585.7700000000001,0.125,11.041666666666666,10.0,3.9583333333333335,0.15752814971588083,0.000333123657556592,0.9526051353375392,142
39d54ff918774174706fb065d7f9dc07,23,1593.5900000000001,363.4,0.125,14.958333333333334,11.0,3.8,0.22803857955935966,0.00014276216265267795,0.994342848969867,142
681fce914360217db47784ae28905a96,23,4127.33,444.47,0.125,12.625,11.0,3.869565217391304,0.10768947479363172,0.00036974790051473545,0.9368126626926979,142
7139dc5186aa238b006e066d8fbab2e4,22,1712.0,535.9300000000001,0.125,14.125,10.5,4.086956521739131,0.31304322429906545,0.0001533699524102088,0.9930176940593843,142
2e90cb1677d35cfe24eef47d441b7c87,127,13894.709999999985,2887.450000000001,0.12408759124087591,12.05109489051095,10.0,4.036496350364963,0.20780930296494166,0.0012447611048210573,0.6799313665879556,154
8e6d7754bc7e0f22c96d255ebda59eba,85,14497.269999999982,1715.2399999999993,0.12403100775193798,14.023255813953488,11.0,2.973076923076923,0.11831468959328215,0.0012987415946132857,0.6723287427953695,155
c8467937e403e76a8ee9f0ab13f6f5ef,30,1853.7900000000009,588.95,0.12121212121212122,16.636363636363637,15.0,4.133333333333334,0.31770049466228634,0.00016607224537296792,0.9914200575405185,156
897060da8b9a21f655304d50fd935913,317,23023.920000000002,6863.550000000007,0.12106537530266344,14.801452784503631,12.0,3.390845070422535,0.298105187995789,0.0020626036884909198,0.5669733780535152,157
f84fa566034f5e8e880a07ec624c56af,91,5093.789999999997,1232.9100000000008,0.12,11.34,8.5,4.267326732673268,0.24204178028540663,0.0004563284637193908,0.9077157399555305,158
198c7ea11960a9844b544d9bcdca860c,25,1733.7500000000002,491.63000000000017,0.12,14.56,13.0,3.88,0.2835645277577506,0.00015531843165373806,0.9927103897674726,158
a36b125ac6d5fdbc7f50de85c9157bdc,24,1843.64,388.99000000000007,0.12,12.84,12.0,4.038461538461538,0.21099021500943788,0.00016516295505932088,0.9917505948718334,158
e89c4adbe7b1d0819dbb636e16461cf1,24,3181.3,454.85,0.12,14.68,8.0,3.88,0.14297614182881213,0.0002849975640202087,0.9664127884811433,158
04308b1ee57b6625f47df1d56f00eedf,94,60130.60000000009,3054.389999999999,0.11956521739130435,18.869565217391305,18.0,3.882978723404255,0.050795934183261005,0.005386814988549834,0.2924035159326983,162
7d13fca15225358621be4086e1eb0964,565,113628.96999999993,8632.04999999999,0.1190893169877408,15.612959719789842,12.0,4.001742160278746,0.07596698271576338,0.010179479977407145,0.2030952528949341,163
3361277dc30b7cccdb0c286b24219756,29,3905.0499999999975,635.85,0.11904761904761904,13.928571428571429,13.0,4.214285714285714,0.1628276206450623,0.00034983489057212937,0.9457740278028105,164
3df020b72d3d44b3af9d110fa3940b65,55,5039.899999999999,1709.5700000000004,0.1188118811881188,12.693069306930694,11.0,3.9504950495049505,0.33920712712553835,0.0004515007144580672,0.9099827162724284,165
7681ef142fd2c19048da7430856b5588,59,31941.809999999998,2916.119999999999,0.11842105263157894,10.381578947368421,8.0,4.12,0.0912947638220877,0.0028615151165864083,0.4899682761151503,166
7e3f87d16fb353f408d467e74fbd8014,92,4754.990000000001,1438.7100000000003,0.11827956989247312,12.526881720430108,9.0,4.127659574468085,0.3025684596602727,0.00042597698014662315,0.9174082766050031,167
d5ba419e26d246a0719437cf37d9b46d,34,4061.4000000000005,520.11,0.11764705882352941,9.823529411764707,7.0,3.823529411764706,0.1280617521051854,0.0003638415448123961,0.9401076127617082,168
d1ef48b38baca7e831711c4a0aeb398f,29,1469.1200000000003,675.5700000000005,0.11764705882352941,9.705882352941176,8.5,4.428571428571429,0.45984671095621893,0.00013161148626453622,0.9951578767849008,168
392e0502231ae2f8b29994ef6398cd77,20,1871.7000000000005,355.89000000000004,0.11764705882352941,17.823529411764707,12.0,4.157894736842105,0.1901426510658759,0.00016767671724660508,0.9910867511290469,168
34056b8b55c1775a22af2331670a799c,78,6455.400000000002,1774.4900000000005,0.11688311688311688,12.831168831168831,10.0,4.0,0.2748845927440592,0.0005783086394794756,0.8742707450251376,171
0b35c634521043bf4b47e21547b99ab5,51,13533.649999999996,1475.0900000000006,0.11688311688311688,17.350649350649352,12.0,3.4935064935064934,0.10899424767154471,0.0012124154535259472,0.6934028940721894,171
972d0f9cf61b499a4812cf0bfa3ad3c4,83,8089.2899999999945,2151.2999999999993,0.11627906976744186,18.093023255813954,17.0,2.9642857142857144,0.26594422996332195,0.0007246810878109679,0.8276721911308894,173
dd533b429f380718b70ad9922c294bae,41,2819.7700000000023,1151.21,0.11627906976744186,16.74418604651163,13.0,3.7333333333333334,0.4082637945648046,0.00025260980765638713,0.9755226133759719,173
4869f7a5dfa277a7dca6462dcf3b52b2,1132,229472.6299999981,20168.069999999963,0.11585365853658537,14.936411149825783,12.0,4.122822299651568,0.08788878220465826,0.0205573635178418,0.0205573635178418,175
b1fc4f64df5a0e8b6913ab38803c57a9,107,7994.739999999993,2146.250000000002,0.11570247933884298,15.59504132231405,14.0,3.7815126050420167,0.2684577609778434,0.0007162108021799017,0.8312775747046834,176
77530e9772f57a62c906e1c21538ab82,320,46610.40000000004,8453.590000000004,0.11548556430446194,15.041994750656167,12.0,4.0490956072351425,0.1813670339666683,0.004175604456671029,0.3723673544871552,177
23d7c96d4a1160db1c726b248601b25a,53,11766.939999999991,1379.5800000000002,0.11538461538461539,13.173076923076923,9.5,3.8173076923076925,0.11724203573741357,0.001054144291947302,0.7453039820452166,178
77a515caa36327151d1cc6c32a9f00e1,26,2217.39,396.19000000000017,0.11538461538461539,10.423076923076923,6.5,4.423076923076923,0.17867402667099616,0.000198645443209622,0.9861530243056308,178
c9c7905cffc4ef9ff9f113554423e671,127,10657.179999999988,2109.5299999999993,0.11510791366906475,10.985611510791367,9.0,4.158273381294964,0.19794448437579187,0.0009547261620484972,0.7632126267761786,180
f46490624488d3ff7ce78613913a7711,83,5802.849999999997,1747.8200000000004,0.11494252873563218,10.011494252873563,9.0,3.4615384615384617,0.30120027228000057,0.0005198497829109694,0.8897542623218616,181
d9bd94811c3338dceb4181f3dbc0c73e,54,6911.019999999998,771.09,0.11475409836065574,7.737704918032787,6.0,4.819672131147541,0.11157397894956175,0.0006191254722581781,0.8592928074764415,182
318f287a62ab7ac10b703ac37435a231,52,2517.4799999999996,1117.12,0.11475409836065574,12.114754098360656,10.0,3.870967741935484,0.44374533263422156,0.00022552908165517077,0.9819774700167012,182
b14db04aa7881970e83ffa9426897925,83,5898.5999999999985,2225.3500000000004,0.11428571428571428,15.628571428571428,13.0,3.764705882352941,0.3772674872003528,0.000528427570845127,0.8887086805883556,184
a673821011d0cec28146ea42f5ab767f,129,13863.68999999997,2626.45,0.11347517730496454,12.5177304964539,10.0,3.8949275362318843,0.18944811951219376,0.0012419821702861465,0.6811733487582418,185
3db66a856d18a9cba7c9241fc5221c50,94,9478.299999999983,2044.3599999999994,0.1134020618556701,15.731958762886597,14.0,4.185567010309279,0.2156884673411902,0.0008491158994916352,0.7898940659315478,186
c3867b4666c7d76867627c2f7fb22e21,245,37153.40000000003,5043.780000000002,0.11203319502074689,15.136929460580912,12.0,3.8443579766536966,0.1357555432342665,0.0033283967230592617,0.4474093398475726,187
8b2492b7ff4468839593fafeed55bad9,29,3660.08,676.18,0.1111111111111111,14.88888888888889,10.0,3.888888888888889,0.18474459574654106,0.000327889191248573,0.9568964937949159,188
e5e33c0d8e7e002f398f5dc4cbbb338f,28,6698.699999999999,778.63,0.1111111111111111,12.037037037037036,9.0,4.344827586206897,0.11623598608685269,0.0006001047314312299,0.8665979186452228,188
1dc2de47ee26a0a5b12dc14fd6dc0dea,25,1670.3000000000006,617.1999999999999,0.1111111111111111,14.62962962962963,15.0,4.518518518518518,0.3695144584805123,0.0001496342473777873,0.9933190409319997,188
213b25e6f54661939f11710a6fddb871,155,15379.500000000011,3460.4599999999996,0.11052631578947368,15.173684210526316,15.0,3.7853403141361257,0.22500471406742723,0.0013777763919934625,0.6576284111315036,191
b499c00f28f4b7069ff6550af8c1348a,152,10327.129999999968,2577.95,0.10989010989010989,10.76923076923077,8.0,4.144385026737968,0.24962889011758424,0.000925158549435768,0.7678991502619313,192
4a3ca9315b744ce9f8e9374361493884,1806,200472.9199999949,35067.04000000001,0.10979989738327348,14.369933299127759,12.0,3.803261977573904,0.17492158043091757,0.017959417172859118,0.05847422939784708,193
7d76b645482be4a332374e8223836592,176,3843.9300000000026,2587.6099999999983,0.1092896174863388,13.158469945355192,11.0,3.9297297297297296,0.6731678256367823,0.00034435943993468127,0.948553182717441,194
aba1721a889e04decc910aa13b768ef4,83,14103.3,1249.1699999999996,0.10869565217391304,9.173913043478262,7.0,4.456521739130435,0.08857288719661353,0.0012634476926558981,0.6761673633659504,195
db2956745b3a8e9f3785c99f34b5d25e,47,8599.0,975.27,0.10869565217391304,14.217391304347826,13.5,3.7291666666666665,0.11341667635771602,0.0007703435869015102,0.8157951189932021,195
16090f2ca825584b5a147ab24aa30c86,402,25716.44000000013,5456.669999999992,0.10837438423645321,9.123152709359607,6.0,4.044226044226044,0.21218605685701303,0.002303813772757015,0.5385868672651282,197
70a12e78e608ac31179aea7f8422044b,315,30858.53000000001,5606.910000000004,0.10835913312693499,14.653250773993808,13.0,3.7699386503067487,0.1816972487023848,0.002764469204175819,0.5039859547165989,198
4e17c65a516f69d023a2ae78b84f28d6,61,7639.259999999997,1155.5400000000004,0.10810810810810811,14.756756756756756,9.0,4.081081081081081,0.15126334226089974,0.0006843650365941653,0.8417077133229458,199
f181738b150df1f37cb0bd72e705b193,36,5529.700000000001,1103.05,0.10810810810810811,8.972972972972974,5.0,4.486486486486487,0.1994773676691321,0.0004953795711698199,0.8963743679194925,199
1caf283236cd69af44cbc09a0a1e7d32,33,917.6,612.65,0.10810810810810811,13.972972972972974,10.0,4.54054054054054,0.6676656495204882,8.220342776378949e-05,0.9989536137909265,199
8444e55c1f13cd5c179851e5ca5ebd00,99,22873.21000000002,2078.059999999999,0.10784313725490197,21.205882352941178,18.0,3.073394495412844,0.09085126224084845,0.002049102295075184,0.5690224803485904,202
056b4ada5bbc2c50cc7842547dda6b51,65,12333.389999999989,1306.02,0.1076923076923077,12.63076923076923,8.0,4.123076923076923,0.10589302697798425,0.001104889858269009,0.7281656719426305,203
ce248b21cb2adc36282ede306b7660e5,65,15230.059999999992,2066.89,0.1076923076923077,15.523076923076923,13.0,4.196969696969697,0.13571121847189052,0.001364388771848495,0.6617438528201022,203
4e922959ae960d389249c378d1c939f5,420,46030.37000000001,7274.380000000017,0.10762331838565023,14.571748878923767,12.0,3.89532293986637,0.15803435862018958,0.004123642322619337,0.37649099680977455,205
6fd52c528dcb38be2eea044946b811f8,67,7743.020000000001,1138.5600000000002,0.10714285714285714,21.11904761904762,19.5,3.5,0.14704340167014937,0.0006936604024014574,0.8368871550698466,206
f12ff17ad8bbf01ec5c33b17e506649b,29,6241.0,651.73,0.10714285714285714,13.821428571428571,12.5,3.8275862068965516,0.10442717513219035,0.0005591015613271689,0.882219835302799,206
c0563dd588b775f2e37747ef6ad6c92c,28,3697.2000000000016,397.47999999999996,0.10714285714285714,10.75,9.5,4.357142857142857,0.10750838472357453,0.0003312145958241964,0.9542644315940477,206
edf96ef93ed595084bbcbd9224bd2894,25,3757.0,608.7800000000001,0.10714285714285714,13.642857142857142,11.5,3.7857142857142856,0.16203886079318608,0.0003365717939282444,0.9505986863729206,206
cfb1a033743668a192316f3c6d1d2671,147,12803.639999999981,3432.5599999999977,0.10614525139664804,11.8268156424581,10.0,3.959016393442623,0.26809251119212996,0.001147017323292899,0.7146044732039784,210
1835b56ce799e6a4dc4eddc053f04066,423,33344.21000000028,8741.949999999984,0.10526315789473684,12.695099818511796,10.0,3.591485507246377,0.2621729529654447,0.0029871494747990956,0.4754827224067779,211
fd386aa7bed2af3c7035c65506c9b4a3,69,2304.15,1012.0199999999998,0.10526315789473684,8.25,7.0,4.355263157894737,0.43921619686218333,0.00020641785972312068,0.9847504650493648,211
0176f73cc1195f367f7b32db1e5b3aa8,38,4733.1,1287.01,0.10526315789473684,13.421052631578947,10.0,4.0256410256410255,0.27191692548224206,0.00042401595896773326,0.9186834071104473,211
99eaacc9e6046db1c82b163c5f84869f,66,13139.169999999996,1135.3499999999997,0.1044776119402985,15.029850746268657,13.0,3.9,0.08640956772764186,0.0011770758630897445,0.7053028928677156,214
382229d1e840115ffe3dbf5ff460e417,46,4096.960000000003,869.6599999999999,0.10416666666666667,8.895833333333334,8.0,4.26530612244898,0.21226958525345604,0.00036702719639400086,0.937915718740847,215
ea8482cd71df3c1969d7b9473ff13abc,1146,37177.52000000046,17544.77000000004,0.10353535353535354,13.219696969696969,11.0,3.952341137123746,0.47191878317864727,0.003330557519351435,0.4440809431245133,216
6e386f64c84e482f0b9abf960797ee1b,30,12938.300000000003,625.3599999999999,0.10344827586206896,10.482758620689655,8.0,4.607142857142857,0.048334016060842595,0.0011590808734047925,0.7111417218942208,217
1f1bb1f0859883505541bdd6606193e5,27,16040.839999999998,522.03,0.10344827586206896,13.96551724137931,13.0,4.310344827586207,0.032543806932804016,0.0014370227029321106,0.6435846175330766,217
f84a00e60c73a49e7e851c9bdca3a5bb,90,5949.94,2001.82,0.10309278350515463,11.195876288659793,8.0,3.6666666666666665,0.3364437288443245,0.0005330268777123819,0.8876487795480776,219
50c9975695009e5e6473912e83a6d1da,50,3964.4,2919.5499999999997,0.10294117647058823,15.147058823529411,14.0,3.985074626865672,0.736441832307537,0.00035515177531251856,0.94190211645652,220
0cbcee27c791afa0cdcb08587a2013a8,39,5324.15,817.16,0.10256410256410256,12.923076923076923,10.0,3.8536585365853657,0.15348177643379696,0.0004769653225028114,0.9016863505548609,221
8b321bb669392f5163d04c59e235e066,943,17535.68999999993,14156.360000000048,0.10248756218905472,12.538308457711443,11.0,3.995069033530572,0.8072884500125233,0.0015709392177454225,0.6194041558535962,222
f27e33c6d29b5138fa9967bcd445b6d5,93,8888.299999999987,1593.950000000001,0.10204081632653061,12.36734693877551,11.0,4.091836734693878,0.17933125569569022,0.0007962606004717622,0.8063940936514649,223
fa1c13f2614d7b5c4749cbc52fecda94,585,194042.02999999846,10042.700000000004,0.10189982728842832,13.295336787564766,11.0,4.34020618556701,0.0517552820901744,0.0173833042679206,0.07585753366576768,224
f5a590cf36251cf1162ea35bef76fe84,117,53201.78,4239.159999999999,0.1016949152542373,11.73728813559322,9.0,4.237704918032787,0.07968079263513361,0.004766094898795793,0.3320773510783914,225
522620dcb18a6b31cd7bdf73665113a9,174,57168.49000000003,4661.320000000003,0.10112359550561797,15.247191011235955,12.0,3.897727272727273,0.08153652475340877,0.005121453616041765,0.2975249695487401,226
e9d99831abad74458942f21e16f33f92,130,4922.479999999989,1993.5799999999986,0.10067114093959731,12.590604026845638,10.0,3.9054054054054053,0.40499504314898244,0.00044098161410058577,0.9122091382413373,227
37515688008a7a40ac93e3b2e4ab203f,228,5986.599999999993,3431.0999999999885,0.100418410041841,14.95397489539749,13.0,4.084033613445378,0.5731299903116949,0.0005363110730718195,0.8865812386774603,228
8648b1e89e9b349e32d3741b30ec737e,95,7442.5499999999965,1503.4999999999993,0.1,9.14,8.0,4.029126213592233,0.2020140946315443,0.0006667427215599293,0.8477716172338758,229
20cb7c2fde3e5bf10f0bbe7394e1c6a9,32,861.8999999999993,798.3800000000001,0.1,12.2,11.0,3.843137254901961,0.9263023552616322,7.721352919530306e-05,0.9991087933654388,229
e8b4225284fbb02d16f200513f1f395d,31,5788.519999999997,1297.6100000000001,0.1,10.2,9.0,4.193548387096774,0.22416956320441164,0.0005185660262415545,0.8902728283481032,229
b2ac621f0d0322434d04a12b078b9369,30,9575.499999999998,781.3900000000002,0.1,14.633333333333333,13.0,4.4,0.08160304944911496,0.0008578235860420292,0.7873395612672446,229
31da954dc0855f2495c6310f70a2f931,29,4583.0,449.71000000000004,0.1,8.066666666666666,5.0,4.233333333333333,0.09812568186777221,0.00041056921255606715,0.9228678581108102,229
d71d863e5ef30d94e440c11be17dcd8f,29,11900.9,754.75,0.1,19.566666666666666,20.0,3.242424242424242,0.06341957330958163,0.0010661451323823912,0.7378997609198055,229
06df0c10d34e459d9672bc77388742eb,26,9070.0,525.77,0.1,9.666666666666666,8.5,4.366666666666666,0.057968026460859974,0.0008125382408648329,0.8031709174951134,229
d3674f271c91f824f82d24d92011f669,20,1718.3000000000006,383.52000000000004,0.1,13.75,11.0,4.1,0.2231973462142815,0.00015393433950143802,0.9928643241069741,229
1900267e848ceeba8fa32d80c1a5f5a8,411,24982.530000000108,8138.06,0.0994263862332696,12.715105162523901,11.0,3.8550863723608444,0.32575003412384435,0.0022380662600389196,0.5498914036370117,237
42b729f859728f5079499127a9c2ef37,104,4118.860000000008,1315.21,0.09923664122137404,7.786259541984733,5.0,4.3538461538461535,0.31931408205182926,0.00036898911342541697,0.9371816518061233,238
54a1852d1b8f10312c55e906355666ee,200,17226.439999999977,3387.9600000000005,0.09900990099009901,11.42079207920792,8.0,4.3399014778325125,0.19667209243465308,0.0015432349783862814,0.6287366072678968,239
0dd184061fb0eaa7ca37932c68ab91c5,161,18446.92,5319.500000000005,0.09844559585492228,11.150259067357513,8.0,3.953125,0.28836792266676525,0.0016525719874503088,0.613061105191492,240
8581055ce74af1daba164fdbd55a40de,387,64925.30000000023,9659.0,0.09836065573770492,12.826291079812206,11.0,4.225806451612903,0.14877097217879573,0.005816349399076264,0.28128235878113284,241
a3e9a2c700480d9bb01fba070ba80a0e,130,13440.8,2883.0899999999983,0.0979020979020979,13.076923076923077,11.0,4.02112676056338,0.21450285697279914,0.0012040974628242608,0.6946069915350136,242
527801b552d0077ffd170872eb49683b,90,17942.799999999992,2062.5600000000004,0.09782608695652174,12.934782608695652,10.0,4.483516483516484,0.11495195844572761,0.0016074102699216665,0.6146685154614138,243
729f06993dac8e860d4f02d7088ca48a,96,20485.080000000016,4994.570000000001,0.09734513274336283,10.761061946902656,8.0,4.2894736842105265,0.24381501072976022,0.0018351610658407258,0.5924434131728603,244
ececbfcff9804a2d6b40f589df8eef2b,98,6792.399999999996,1868.659999999999,0.0970873786407767,12.970873786407767,10.0,4.115384615384615,0.27511041752546966,0.0006084988695976061,0.8629676267878025,245
8d956fec2e4337affcb520f56fd8cbfd,211,11015.18999999997,3327.9499999999985,0.09691629955947137,9.28193832599119,7.0,4.18859649122807,0.30212370372186115,0.0009867985783232494,0.7544526717101703,246
2bf6a2c1e71bbd29a4ad64e6d3c3629f,30,50628.90000000001,1000.5899999999999,0.0967741935483871,13.290322580645162,10.0,4.193548387096774,0.019763218240965136,0.0045356027941479094,0.3551515155152849,247
634964b17796e64304cadf1ad3050fb7,268,39465.100000000035,5955.430000000005,0.09597523219814241,14.343653250773993,12.0,3.8584615384615386,0.15090370986010423,0.0035354909514393323,0.43740226579289543,248
7c67e1448b00f6e969d365cea6b010ab,982,187923.8899999995,51612.54999999984,0.0959409594095941,22.33357933579336,20.0,3.3414454277286136,0.27464602824047535,0.01683520915072502,0.0926927428164927,249
f7ccf836d21b2fb1de37564105216cc1,70,2787.4000000000005,1123.0400000000006,0.0958904109589041,10.95890410958904,8.0,3.8194444444444446,0.4028987586998638,0.00024970993303050006,0.9767771849618024,250
4a3ccda38b2129705f3fb522db62ca31,66,17062.589999999993,1432.3399999999997,0.0958904109589041,13.315068493150685,9.0,3.7243589743589745,0.0839462238733979,0.001528556434751696,0.6333353891655714,250
391fc6631aebcf3004804e51b40bcf1e,526,39951.95000000005,10190.880000000036,0.09586776859504133,14.22809917355372,12.0,3.961348684210526,0.25507841294354905,0.0035791055316559866,0.42672481454296146,252
d673a59aac7a70d8b01e6902bf090a11,79,3908.9400000000014,1590.6199999999992,0.09523809523809523,13.726190476190476,11.0,3.9642857142857144,0.4069184996444045,0.0003501833772046506,0.9450741385377974,253
c847e075301870dd144a116762eaff9a,42,15348.69999999999,1112.08,0.09523809523809523,16.857142857142858,10.5,4.166666666666667,0.07245434466762662,0.001375017166214118,0.6603794640482537,253
6b3bd31ad8fcda4b2635ec9f3ff2ecdf,36,4198.900000000001,757.0200000000003,0.09523809523809523,12.785714285714286,10.5,3.86046511627907,0.1802900759722785,0.00037615951704160386,0.9334588927385516,253
3340ef1913fb70d28420f6ceb685c339,32,6731.149999999995,750.3999999999999,0.09523809523809523,15.5,12.0,4.333333333333333,0.11148169332134931,0.0006030117728773226,0.8659978139137916,253
6b15924333bd1a741595fe981ea04822,21,614.3199999999997,240.14000000000004,0.09523809523809523,7.809523809523809,7.0,4.666666666666667,0.3909037635108741,5.503401236252303e-05,0.9998633439681636,253
b494891378bd8f4560abe576c52deacd,20,2958.900000000001,311.91999999999996,0.09523809523809523,5.142857142857143,3.0,4.636363636363637,0.10541755382067655,0.0002650738038472938,0.9727030958257933,253
ef2fbc2b607d8492bcffe657a4645434,20,970.7999999999996,362.88999999999993,0.09523809523809523,6.857142857142857,6.0,3.909090909090909,0.3738051091882984,8.696936320083566e-05,0.9987038483150394,253
620c87c171fb2a6dd6e8bb4dec959fc6,740,114774.49999999843,14135.210000000014,0.09511568123393316,12.861182519280206,11.0,4.214285714285714,0.12315636312944257,0.01028210257179046,0.19291577291752698,260
9c0e69c7bf2619675bbadf47b43f655a,157,33702.7800000001,2900.1800000000017,0.095,15.085,11.0,4.019607843137255,0.0860516550860194,0.003019272058815276,0.46949790704437994,261
1f50f920176fa81dab994f9023523100,1404,106939.20999999739,35165.76999999949,0.09449636552440291,15.48078920041537,14.0,3.987259490379615,0.32883887958402114,0.009580176138133717,0.22272291051591928,262
1336efc61c316ddf92c899eb817f7cae,74,4837.309999999998,1517.9800000000005,0.09411764705882353,11.705882352941176,10.0,3.9411764705882355,0.3138066404675328,0.0004333516381386839,0.9152602910039871,263
f0b47fbbc6dee9aafe415a6e33051b3f,68,3795.909999999997,1336.2799999999995,0.09411764705882353,10.305882352941177,9.0,4.232558139534884,0.3520315286716494,0.00034005755610597854,0.9499223177159712,263
8e8a7ce9f2f970dc00e2acf6f6e199f6,65,9101.0,1183.82,0.09375,12.09375,9.5,4.030769230769231,0.1300758158444127,0.0008153153836946905,0.8015451780825146,265
2745f798279e0ed033addcc1474776d7,32,3668.530000000001,696.4599999999998,0.09375,13.21875,11.5,3.967741935483871,0.1898471594889505,0.0003286461866328408,0.955584581376469,265
7b0df942f46435babab05d49b744b2c4,32,22600.629999999997,672.1500000000001,0.09375,11.03125,10.5,4.387096774193548,0.029740321398120325,0.0020246831469280004,0.5710471634955184,265
cd6efc47efaabf134f8bdb654e10b4f1,31,4158.549999999999,598.6100000000002,0.09375,8.40625,6.0,4.5,0.14394680838272964,0.00037254475210015986,0.935700159879665,265
f262cbc1c910c83959f849465454ddd3,192,10482.829999999967,2507.02,0.09313725490196079,8.901960784313726,7.0,4.089805825242719,0.23915488470193716,0.0009391069732618599,0.766037449565015,269
1d8dbc4f32378d715c717c1c1fc57bae,92,11315.889999999989,2105.16,0.09278350515463918,15.56701030927835,12.0,3.8958333333333335,0.18603574265921655,0.0010137368637728715,0.7504588276683033,270
1025f0e2d44d7041d6cf58b6550e0bfa,915,138968.5499999995,33892.14000000004,0.09225352112676057,11.997183098591549,10.0,3.853107344632768,0.24388352616473416,0.012449532651878297,0.1480011118067347,271
70c27847eca8195c983ed7e798c56743,77,12077.519999999988,1451.6600000000005,0.09183673469387756,10.755102040816327,11.0,4.204081632653061,0.12019520563824378,0.0010819676796923732,0.732537149178944,272
aac29b1b99776be73c3049939652091d,98,6755.9099999999835,2709.609999999999,0.0916030534351145,14.320610687022901,11.0,3.9389312977099236,0.4010725424110158,0.0006052299037311047,0.8653948021409144,273
688756f717c462a206ad854c5027a64a,83,5966.539999999995,1934.91,0.09090909090909091,10.696969696969697,10.0,3.7755102040816326,0.32429347662129165,0.000534513992905144,0.8871157526703654,274
5343d0649eca2a983820bfe93fc4d17e,71,10000.64,2392.590000000001,0.09090909090909091,11.3,8.0,3.614678899082569,0.23924368840394228,0.000895909860322214,0.7742637533441004,274
02f623a8eb246f3c5f7c2f96462654e6,44,6378.0,829.63,0.09090909090909091,8.409090909090908,6.5,4.558139534883721,0.13007682659140796,0.0005713747409300886,0.8777147067240199,274
1ce3ae5a399804d1a87e706f8a813c3e,40,2563.0000000000014,853.6900000000003,0.09090909090909091,13.5,11.0,3.727272727272727,0.3330823253999219,0.00022960700235243303,0.9808432087375226,274
bc47d5d1490df2b36add65d733eafaba,24,1004.8,415.11000000000007,0.09090909090909091,13.272727272727273,11.0,3.28,0.41312699044586,9.001526178842161e-05,0.998440302835601,274
503c1de08ae81a2d86f17951b204db55,22,4906.99,414.9099999999999,0.09090909090909091,13.454545454545455,11.0,4.409090909090909,0.08455489006498891,0.00043959393853818364,0.9126487321798755,274
55f7a3319d80f7fdf078b8f03e6725fe,22,3013.779999999999,406.66999999999996,0.09090909090909091,6.681818181818182,6.0,3.772727272727273,0.13493685670486902,0.00026999024250866756,0.970563866287364,274
1c40343cc5d18c2d8248ac2f3366de34,21,2461.4099999999994,378.01000000000005,0.09090909090909091,7.454545454545454,6.5,4.545454545454546,0.1535745771732463,0.00022050603654323128,0.9824203356086635,274
784ba75dd9d20200c4caed3d7a77141a,21,8295.129999999996,629.82,0.09090909090909091,13.227272727272727,11.0,3.6041666666666665,0.07592647734273006,0.0007431213162012235,0.8218064354650175,274
f4db9b37944bcb8873e6b456ee190bbf,21,3409.779999999999,500.1600000000001,0.09090909090909091,13.227272727272727,11.5,4.545454545454546,0.14668395028418263,0.00030546600252878594,0.9620021427806984,274
218d46b86c1881d022bce9c68a7d4b15,388,55093.28,7644.259999999999,0.09047619047619047,13.75,11.0,4.149411764705882,0.13875122337969348,0.004935545404043404,0.32241280444523385,284
c826c40d7b19f62a09e2d7c5e7295ee2,354,45643.739999999896,5573.479999999997,0.09041095890410959,13.10958904109589,12.0,4.0431266846361185,0.12210831101921117,0.0040890059764158455,0.3805800027861904,285
4c2b230173bb36f9b240f2b8ac11786e,261,14592.269999999917,4397.570000000002,0.09037900874635568,12.682215743440233,11.0,3.757309941520468,0.30136298190754607,0.0013072521936080051,0.6697306387803426,286
6a8b085f816a1f75f92dbac6eb545f8f,127,6018.969999999996,2177.989999999999,0.09022556390977443,14.24812030075188,10.0,4.12962962962963,0.3618542707473206,0.0005392109476977067,0.8855072736483806,287
de23c3b98a88888289c6f5cc1209054a,164,26399.670000000064,2682.1399999999994,0.0898876404494382,10.646067415730338,8.5,4.281767955801105,0.10159748208973797,0.0023650211048745484,0.5339214231893068,288
7040e82f899a04d1b434b795a43b4617,212,9738.199999999963,3217.7800000000016,0.08968609865470852,10.139013452914797,8.0,3.528888888888889,0.3304286213057869,0.0008723991066361505,0.7795556196110022,289
c013e57c075a06e5b5c48ee03c525719,42,1971.5500000000002,857.1100000000001,0.08888888888888889,9.333333333333334,7.0,4.155555555555556,0.43473916461667217,0.0001766218047163243,0.989885891277251,290
e5a38146df062edaf55c38afa99e42dc,121,15360.070000000003,1894.520000000001,0.08870967741935484,12.185483870967742,9.0,3.943548387096774,0.12334058373431896,0.001376035750535909,0.6590044468820395,291
6a0cbc8af2e8abd1bdfb777943d174c6,35,3894.05,745.3700000000001,0.08823529411764706,15.382352941176471,15.0,4.0588235294117645,0.19141253964381558,0.000348849452793793,0.9468214281169439,292
93dc87703c046b603023e75222018b45,35,8517.35,688.9399999999999,0.08823529411764706,19.676470588235293,15.5,4.0,0.08088666075716038,0.0007630289510286752,0.8173219553911045,292
5c6d4016c2a288f074fa0848a2b653d2,32,3159.000000000001,514.17,0.08823529411764706,10.941176470588236,9.5,4.114285714285714,0.1627635327635327,0.00028299981288776267,0.966695788294031,292
d1c281d3ae149232351cd8c8cc885f0d,215,26942.600000000137,5396.460000000005,0.08786610878661087,12.472803347280335,11.0,3.7857142857142856,0.20029470058568874,0.0024136596260556733,0.5243733382803507,295
d05ae8f7a5bd1d2a690a44cd079e4e27,78,13436.0,1159.4299999999998,0.0875,11.125,9.0,3.7875,0.0862927954748437,0.0012036674536118957,0.6958106589886255,296
ef506c96320abeedfb894c34db06f478,324,9771.429999999948,5197.0000000000055,0.08734939759036145,13.331325301204819,11.0,3.9017857142857144,0.5318566473893824,0.0008753760245792515,0.7778093315949796,297
a420f60ff1aa9acc80d0e42959f2b313,67,7443.299999999999,1099.97,0.08695652173913043,11.18840579710145,8.0,3.925373134328358,0.14777988257896366,0.0006668099104993615,0.8471048745123158,298
951e8cef368f09bb3f3d03c00ca4702c,64,4092.289999999992,1400.7999999999997,0.08695652173913043,9.144927536231885,8.0,4.117647058823529,0.3423022317577695,0.00036660883326446967,0.9382823275741115,298
f615fe7efbef0f4f08fd3086bc7a3e60,23,2359.270000000001,389.68999999999994,0.08695652173913043,7.391304347826087,6.0,4.375,0.16517397330530198,0.00021135579884511298,0.983709346453142,298
7f2617c58d5d06806987308b45654351,22,3656.800000000001,326.4700000000001,0.08695652173913043,12.26086956521739,10.0,3.869565217391304,0.0892775103915992,0.00032759535162012367,0.9575517597497684,298
827f8f69dfa529c561901c4f2e0f332f,91,3408.390000000006,1595.5699999999986,0.08653846153846154,13.23076923076923,12.0,4.259803921568627,0.4681301142181487,0.0003053414790277059,0.9623074842597261,302
b2ba3715d723d245138f291a6fe42594,337,51676.88000000033,6496.14,0.08571428571428572,13.937142857142858,12.0,4.108333333333333,0.12570689252137432,0.0046294863471425945,0.34144743636144664,303
b4a476fbd28de64b1e347abf9089366a,33,5724.039999999999,1011.91,0.08571428571428572,11.971428571428572,11.0,3.7567567567567566,0.1767824823027093,0.0005127895691554506,0.8923341760513528,303
c8417879a15366a17c30af34c798c332,26,1767.9000000000003,487.54000000000013,0.08571428571428572,9.6,6.0,4.0285714285714285,0.27577351660161775,0.0001583777680292104,0.9925550713358189,303
e59aa562b9f8076dd550fcddf0e73491,70,31574.3,2229.6699999999996,0.08536585365853659,13.621951219512194,12.0,4.25,0.07061660907763591,0.002828591640412182,0.4927968677555625,306
fe2032dab1a61af8794248c8196565c9,294,65959.6100000001,4721.339999999996,0.08524590163934426,10.557377049180328,7.0,4.3841059602649,0.0715792588828222,0.005909008321668194,0.27546600938205656,307
5d0363b33554b373851fc1622e4d5f3c,94,6610.7899999999945,2192.1800000000003,0.0851063829787234,12.606382978723405,10.0,4.052631578947368,0.33160635869540583,0.0005922292918772683,0.8707687105821252,308
c9aafcd0621b2207c10e32c649cada4d,44,2997.2499999999995,888.65,0.0851063829787234,9.0,8.0,4.019230769230769,0.29648844774376515,0.0002685093982835854,0.9711020084829983,308
cbd996ad3c1b7dc71fd0e5f5df9087e2,165,8411.03999999999,2873.9199999999987,0.08465608465608465,12.798941798941799,10.0,4.081081081081081,0.34168426258821766,0.0007535051428273137,0.8180754605339318,310
3be634553519fb6536a03e1358e9fdc7,83,5370.949999999996,1855.7000000000005,0.08421052631578947,9.789473684210526,8.0,3.9292929292929295,0.3455068470196151,0.0004811579123233705,0.8992897524401583,311
76d5af76d0271110f9af36c92573f765,131,33461.60000000003,4079.9599999999996,0.08387096774193549,11.419354838709678,9.0,4.082278481012659,0.12192961484208753,0.002997665887598976,0.47249557293197886,312
7ddcbb64b5bc1ef36ca8c151f6ec77df,334,55578.56999999982,7946.7199999999975,0.08383233532934131,12.54191616766467,10.0,3.9073529411764705,0.14298172838919793,0.004979020231266023,0.307553304871411,313
ce7d1888639e6fb06b2749cbfdac1ff7,78,11793.89,3082.650000000001,0.08333333333333333,14.107142857142858,12.0,4.107142857142857,0.26137686547865047,0.0010565586145042274,0.7442498377532692,314
6860153b69cc696d5dcfe1cdaaafcf62,74,3827.6299999999933,1490.6000000000004,0.08333333333333333,10.107142857142858,7.5,4.156626506024097,0.3894315803774145,0.0003428992003176907,0.9495822601598652,314
26d8a1c7c75d513045798992ead43aa2,36,8244.119999999995,701.6600000000001,0.08333333333333333,12.38888888888889,9.0,4.2368421052631575,0.08511035744263797,0.0007385515724673188,0.8232872384808835,314
99002261c568a84cce14d43fcffb43ea,36,4088.0,1100.33,0.08333333333333333,16.72222222222222,15.0,3.7222222222222223,0.26916095890410957,0.00036622451253091914,0.9386485520866423,314
5b179e9e8cc7ab6fd113a46ca584da81,34,5173.499999999998,665.6400000000001,0.08333333333333333,12.694444444444445,10.0,3.5142857142857142,0.12866338069005515,0.00046346930420222834,0.90495823510889,314
0afccdb8a34ee5c79f7c06faf2b4d56e,25,1225.4999999999998,388.2800000000001,0.08333333333333333,13.458333333333334,12.0,4.041666666666667,0.3168339453284375,0.00010978672703195727,0.9973157418475713,314
8cc6a0e5738e61a87b03c78b2ba9db4b,24,13312.399999999996,525.82,0.08333333333333333,16.875,10.0,4.153846153846154,0.039498512664883884,0.0011925947163934948,0.6994008963837666,314
a5a1bfcf728ab0e19182959cf0771ee4,21,1812.9600000000007,347.89000000000004,0.08333333333333333,13.583333333333334,8.0,4.291666666666667,0.19189060983143583,0.00016241447951028754,0.9920762435359151,314
3c7c4a49ec3c6550809089c6a2ca9370,141,4033.63999999999,1824.6599999999985,0.08227848101265822,9.651898734177216,6.0,3.70625,0.45236064695907496,0.0003613546582008838,0.94083118747165,322
17f51e7198701186712e53a39c564617,56,48019.0,9793.429999999998,0.08196721311475409,22.81967213114754,20.0,4.344262295081967,0.20394906182969239,0.004301794243449659,0.36397965839629143,323
e067ad2c1c0b48758eb1b5228bcf7a68,54,5042.549999999999,1005.3599999999998,0.08196721311475409,14.360655737704919,12.0,4.131147540983607,0.1993753160603266,0.00045173811537739387,0.9095312155579703,323
00ee68308b45bc5e2660cd833c3f81cc,135,20260.0,3180.66,0.08139534883720931,9.069767441860465,7.0,4.3274853801169595,0.15699210266535044,0.0018149972171909055,0.5942584103900511,325
17a053fcb14bd219540cbde0df490be0,125,40703.14000000011,8828.430000000002,0.08108108108108109,11.912162162162161,9.0,4.204081632653061,0.21689800836004247,0.0036464010775385997,0.42314570901130544,326
3ab971ce71839580d2ae5b4e40fe8044,36,5002.9,896.1500000000001,0.08108108108108109,6.621621621621622,6.0,3.888888888888889,0.17912610685802238,0.00044818606011275326,0.9104309023325412,326
955fee9216a65b617aa5c0531780ce60,1287,135171.69999999914,25430.980000000054,0.08084239130434782,10.667798913043478,8.0,4.050437121721587,0.18813834552646905,0.012109390885634865,0.16011050269236954,328
17e34d8224d27a541263c4c64b11a56b,255,56363.24,5239.959999999999,0.08076923076923077,13.988461538461538,12.0,4.139097744360902,0.09296768603082434,0.005049315091404893,0.30257428464014496,329
c70c1b0d8ca86052f45a432a38b73958,261,36537.36999999993,3938.9100000000044,0.08035714285714286,7.532738095238095,7.0,4.3014925373134325,0.10780496789998875,0.0032732095199148247,0.4540035105145828,330
6f892e20a171e98efe17fdb971ff319b,44,6438.699999999994,904.16,0.08,16.72,15.0,3.730769230769231,0.1404258623635207,0.0005768125657614547,0.8748475575908989,331
b83cedfb587e7911540e3f576d6917ce,24,2224.9500000000003,343.7999999999999,0.08,9.92,8.0,4.24,0.15452032629946733,0.00019932270771909702,0.9855564770045794,331
fb89df7f89fd1b8f03fa2acca1ba7364,22,2220.0,467.4299999999999,0.08,15.48,12.0,3.84,0.210554054054054,0.00019887926071884552,0.9859543788624212,331
058fd0aa2bfdb2274e05e1ae971dabb6,61,7667.9,887.9,0.07936507936507936,10.174603174603174,8.0,4.390625,0.11579441568095568,0.000686930758227944,0.8403385317400844,334
7142540dd4c91e2237acb7e911c4eba2,319,37373.5600000002,6915.599999999996,0.07926829268292683,14.689024390243903,12.5,4.047112462006079,0.18503990521641392,0.0033481198122664218,0.44075038560516183,335
ef0ace09169ac090589d85746e3e036f,129,16223.299999999977,2315.650000000001,0.07913669064748201,12.496402877697841,10.0,4.3428571428571425,0.14273606479569534,0.0014533684281171362,0.6407092256608662,336
9646c3513289980f17226a2fc4720dbd,71,3039.300000000002,1208.02,0.07894736842105263,12.605263157894736,9.0,4.256410256410256,0.39746652189648907,0.00027227645815440884,0.9700227910705602,337
32b8764b4ef628b53608fc34011fcc13,36,8884.0,2970.420000000001,0.07894736842105263,11.236842105263158,9.0,4.2368421052631575,0.3343561458802342,0.0007958753838856863,0.8071899690353506,337
bf84056e679dbe9c69929847a40e338f,36,2024.0400000000002,453.2799999999999,0.07894736842105263,12.18421052631579,9.0,3.725,0.22394814331732568,0.0001813241346240415,0.989170188423453,337
715bbd5ba4e6b74cb0d2f29eb45058b0,62,4043.300000000002,1272.5800000000002,0.078125,11.859375,10.0,4.46875,0.31473796156604744,0.0003622200517407696,0.940469832813449,340
bd0389da23d89b726abf911cccc54596,87,7472.15999999999,1656.3099999999997,0.07777777777777778,13.38888888888889,11.0,4.2,0.2216641506605857,0.0006693953408887058,0.8464380646018164,341
004c9cd9d87a3c30c522c48c4fc07416,158,19712.71000000001,3551.230000000002,0.07738095238095238,14.416666666666666,12.0,4.1437125748503,0.1801492539584867,0.0017659681043085565,0.5978090063109274,342
4b9750c8ad28220fe6702d4ecb7c898f,218,15915.29999999995,3389.8000000000047,0.07692307692307693,9.343891402714933,6.0,4.351351351351352,0.21299001589665387,0.0014257761703237082,0.6464402594405041,343
5f1dc28029d2c244352a68107ec2b542,62,2807.3000000000015,996.1600000000004,0.07692307692307693,9.294871794871796,7.0,4.428571428571429,0.3548462935917073,0.00025149267955676364,0.9760261129544352,343
4559697a8f7e637227c2eeaed843baff,42,3696.0000000000023,778.2700000000002,0.07692307692307693,12.871794871794872,12.0,4.0476190476190474,0.21057088744588737,0.00033110709352110517,0.9545955386875689,343
daeb5653dd96c1b11860f72209795012,40,2305.9000000000015,632.1600000000002,0.07692307692307693,11.41025641025641,9.0,4.109756097560975,0.27414892232967597,0.00020657463391512892,0.9845440471896417,343
b94cc9f10ddc85e4ba73a6f7974e7101,39,25346.100000000013,1022.3899999999999,0.07692307692307693,10.461538461538462,10.0,4.297297297297297,0.04033717218822617,0.0022706367703179877,0.5431572219704554,343
8090490573c6c0aa343a7231ebcb8c86,26,3871.1200000000003,426.9100000000001,0.07692307692307693,10.0,6.0,4.1923076923076925,0.11028074562400547,0.000346795262952224,0.9478643052716748,343
ccf8813e5a7d6c84d865cd38bfc2b130,26,2635.5000000000005,415.7900000000001,0.07692307692307693,11.307692307692308,8.5,4.384615384615385,0.15776512995636502,0.00023610193316419705,0.9796855343525833,343
f61c63d13f7cd800549d5acdd390ae72,26,3072.3000000000006,429.39,0.07692307692307693,11.73076923076923,9.5,4.0,0.1397617420173811,0.00027523277148941856,0.968655630530997,343
f7496d659ca9fdaf323c0aae84176632,26,5087.569999999999,844.9399999999998,0.07692307692307693,12.384615384615385,12.0,4.592592592592593,0.1660792873611567,0.00045577124344836785,0.9081715111989789,343
ed4311e67debd72b8610a5347a743087,25,3636.0,706.81,0.07692307692307693,7.846153846153846,7.0,4.48,0.19439218921892187,0.0003257319783665416,0.9588590710696431,343
af4a0e4cfe1d9c26b6712b1be25a72e5,21,8757.979999999998,593.6199999999999,0.07692307692307693,12.76923076923077,10.5,3.5,0.06778046992571347,0.0007845858503560515,0.8111355920233133,343
5656537e588803a555b8eb41f07a944b,174,8065.930000000023,3377.029999999998,0.07567567567567568,11.297297297297296,10.0,3.8031914893617023,0.41867831731740646,0.0007225883763107938,0.8298422066413663,354
92eb0f42c21942b6552362b9b114707d,341,6548.629999999986,4944.0400000000045,0.07541899441340782,13.455307262569832,12.0,3.930939226519337,0.754973177595927,0.0005866606725771398,0.8719462066000497,355
edb1ef5e36e0c8cd84eb3c9b003e486d,166,79284.55000000002,3905.1000000000013,0.07471264367816093,11.632183908045977,9.0,4.434285714285714,0.04925423679645026,0.007102726437128985,0.25680009513595387,356
4c18691b6037662be2df78a765d98ab5,63,3195.52,1120.9900000000005,0.07462686567164178,9.029850746268657,7.0,3.8358208955223883,0.3508004956939717,0.0002862714663118402,0.9655567028490013,357
aced59e9b31ef866a94f9e7f29d8d418,61,7268.500000000001,1047.3000000000002,0.07462686567164178,9.567164179104477,8.0,4.447761194029851,0.14408750085987482,0.0006511504083490671,0.8510491653675726,357
e9779976487b77c6d4ac45f75ec7afe9,657,43162.95000000002,10139.71000000003,0.07452574525745258,9.769647696476964,7.0,4.166219839142091,0.23491698319971238,0.0038667637776777014,0.4043239665934618,359
ccc4bbb5f32a6ab2b7066a4130f114e3,187,74004.62000000001,5256.979999999999,0.07407407407407407,15.788359788359788,13.0,4.282722513089006,0.0710358353302807,0.006629722574495086,0.263429817710449,360
8e6cc767478edae941d9bd9eb778d77a,106,6830.579999999996,2284.829999999999,0.07407407407407407,16.47222222222222,15.0,3.892857142857143,0.3345001449364476,0.0006119192345409599,0.8617487405914829,360
d6b1ce66b035a475f00c017792ff9769,92,12277.399999999992,2038.48,0.07407407407407407,10.083333333333334,9.0,4.165048543689321,0.1660351540228388,0.0010998739799772759,0.7292655459226078,360
624f4ece8da4aafb77699233d480f8ef,53,9205.0,1722.37,0.07407407407407407,13.425925925925926,11.5,4.185185185185185,0.18711243889190657,0.0008246322499626005,0.7982694386750671,360
2a7dc43cecabf23403078e2188437d1d,52,4795.909999999996,833.7100000000003,0.07407407407407407,12.814814814814815,12.0,4.092592592592593,0.17383770754663888,0.000429642808682035,0.9165543419147755,360
271c58a1d139c45eaf3316107c6d3a3b,29,3897.52,671.19,0.07407407407407407,13.11111111111111,13.0,4.068965517241379,0.17220950758431003,0.0003491603136202319,0.94647257866415,360
df560393f3a51e74553ab94004ba5c87,28,3661.1800000000007,606.1500000000001,0.07407407407407407,18.14814814814815,16.0,3.7241379310344827,0.16556137638684795,0.0003279877350264068,0.9562406303064288,360
43f8c9950d11ecd03a0304a49e010da6,41,4249.5899999999965,557.6300000000001,0.07317073170731707,11.365853658536585,9.0,4.560975609756097,0.13121971766688093,0.00038070059349468383,0.9311857054760931,367
55a5b51f93f2b70ea513f5a047b0262a,39,4002.299999999997,847.0800000000003,0.07317073170731707,13.658536585365853,13.0,4.487804878048781,0.21164830222622014,0.0003585470563851508,0.9411897345280351,367
da8622b14eb17ae2831f4ac5b9dab84a,1314,160236.56999999538,24955.75000000002,0.07299741602067183,11.112403100775193,8.0,4.063754045307443,0.15574316150177664,0.01435483359537055,0.12285327004827921,369
e24fc9fcd865784fb25705606fe3dfe7,52,12936.0,1030.7100000000003,0.07272727272727272,12.636363636363637,10.0,4.196428571428571,0.07967764378478666,0.0011588748273238675,0.7123005967215447,370
994f04b3718c2bab35c2adfa8afecd2a,49,3445.700000000003,775.51,0.07272727272727272,13.472727272727273,9.0,4.280701754385965,0.22506602432016698,0.0003086839048013183,0.9613897227645956,370
1bb2bdb95f4841f1bba2c0d2cd83d3c9,81,5002.709999999994,1146.5600000000002,0.07228915662650602,12.25301204819277,11.0,4.583333333333333,0.2291877802231194,0.00044816903891476323,0.9108790713714561,372
4371b634e0efc0e22b09b52907d9d469,102,8194.0,1484.79,0.07207207207207207,10.684684684684685,8.0,4.405405405405405,0.1812045399072492,0.0007340615596082073,0.824758684317118,373
70eea00b476a314817cefde4aad4f89a,108,31994.650000000012,2769.5200000000004,0.07142857142857142,13.25,10.0,4.348214285714286,0.08656197207970706,0.0028662488013325286,0.4871067609985639,374
d50d79cb34e38265a8649c383dcffd48,70,13012.41999999999,1932.2599999999995,0.07142857142857142,13.157142857142857,10.0,4.246376811594203,0.14849351619452808,0.0011657209323257286,0.7088194831225665,374
b8555308bfdb4ca1ed54325a58da9a97,26,3047.2000000000016,582.8299999999998,0.07142857142857142,10.285714285714286,9.0,4.071428571428571,0.1912673930165396,0.0002729841816497596,0.9694775662648569,374
2e13c71026e1a39ba5cc1b86dcb679aa,24,3793.0,517.21,0.07142857142857142,10.321428571428571,8.5,4.25,0.13635908252043238,0.00033979686302098243,0.9502621145789922,374
1554a68530182680ad5c8b042c3ab563,247,29052.53000000011,6798.26,0.07116104868913857,14.089887640449438,12.0,4.2434456928838955,0.23399889785846445,0.00260267823802347,0.5145127835938192,378
f45122a9ab94eb4f3f8953578bc0c560,187,22078.290000000037,3325.8400000000006,0.07106598984771574,12.451776649746193,10.0,3.91,0.1506384778893653,0.0019778891860974266,0.5790437715828511,379
66922902710d126a0e7d26b0e3805106,151,14362.299999999997,3218.77,0.07096774193548387,11.32258064516129,9.0,4.451612903225806,0.2241124332453716,0.0012866502730730965,0.6749039156732944,380
c8b0e2b0a7095e5d8219575d5e7e1181,84,12170.209999999986,1487.1299999999999,0.07058823529411765,9.988235294117647,8.0,4.0476190476190474,0.12219427602317474,0.0010902713367536478,0.7314551814992517,381
d650b663c3b5f6fb392b6326366efa9a,60,19242.9,910.1400000000002,0.07017543859649122,9.736842105263158,7.0,4.2,0.047297444771837935,0.0017238800567957987,0.5995328863677232,382
f214d28e8d8e3ef068748498ccc2f813,54,2212.4099999999994,809.1100000000001,0.07017543859649122,10.175438596491228,8.0,4.017241379310345,0.3657143115426166,0.0001981993086517932,0.9863512236142826,382
dc8798cbf453b7e0f98745e396cc5616,41,2056.3000000000015,624.4000000000002,0.06976744186046512,13.651162790697674,12.0,3.1470588235294117,0.3036521908281864,0.0001842141548721452,0.9886249887016205,384
f4aba7c0bca51484c30ab7bdc34bcdd1,110,3009.7900000000013,1547.7099999999987,0.06956521739130435,10.97391304347826,10.0,3.8956521739130436,0.5142252449506437,0.0002696327973508893,0.9708334990847148,385
6fc26fe110feebd80a433e1f012a84f9,35,4150.869999999999,977.1899999999998,0.06944444444444445,11.319444444444445,9.0,4.014705882352941,0.235418117165799,0.0003718567373603757,0.9360720166170254,386
6d66611d7c44cc30ce351abc49a68421,166,13593.39999999996,3260.9700000000016,0.06896551724137931,12.045977011494253,9.5,3.913793103448276,0.23989362484735322,0.0012177681723673634,0.6897594009319494,387
3bdff180c7e1f6551a643b99c265a120,59,3114.9000000000033,1046.9600000000003,0.06896551724137931,10.275862068965518,8.0,4.016666666666667,0.3361135188930621,0.0002790491032491588,0.9683803977595076,387
45d33f715e24d15a6ccf5c17b3a23e3c,59,4838.229999999998,903.9300000000002,0.06896551724137931,11.46551724137931,9.0,4.049180327868853,0.18683072115215701,0.00043343405657105384,0.9148269393658484,387
7ea5bfa6c340f58f8e71fc1f0412b0d6,98,11002.889999999985,1660.9900000000002,0.06862745098039216,12.617647058823529,9.0,4.077669902912621,0.15095942974982052,0.0009856966797165655,0.7574111261327169,390
4992e76a42cb3aad7a7047e0d3d7e729,57,2211.100000000002,1007.4700000000004,0.0684931506849315,8.191780821917808,6.0,3.8378378378378377,0.45564198815069396,0.0001980819519709188,0.9865493055662535,391
e8f6dc8e6a1dcde89d20e3995c8d90b3,36,2256.3400000000015,2051.6799999999994,0.06818181818181818,12.613636363636363,10.0,3.3541666666666665,0.9092955848852557,0.00020213478879745956,0.9851573997882239,392
48436dade18ac8b2bce089ec2a041202,138,12271.709999999968,2911.9300000000017,0.06802721088435375,14.068027210884354,12.0,4.046357615894039,0.2372880389122632,0.001099364239890116,0.730364910162498,393
3b15288545f8928d3e65a8f949a28291,104,14061.789999999977,2451.9000000000015,0.06779661016949153,14.305084745762711,13.0,3.8916666666666666,0.17436613688584493,0.001259729008821464,0.6774270923747718,394
729b2d09b2a0bdab221076327f13d050,49,1822.1100000000013,946.5500000000004,0.06666666666666667,12.216666666666667,10.0,4.524590163934426,0.5194801631076059,0.0001632341845713585,0.9919138290564047,395
5f3ae9136c875522250f8184f253413a,43,1158.0000000000002,615.7600000000001,0.06666666666666667,7.666666666666667,7.0,4.5777777777777775,0.5317443868739206,0.0001037397224830735,0.9979601554449266,395
276677b5d08786d5dce7c2149dcce48b,33,3522.0000000000027,798.6400000000003,0.06666666666666667,11.0,9.0,3.8085106382978724,0.22675752413401468,0.0003155192595728714,0.9604605866299454,395
2a6fbeaa7ab9e5d59a35841a8da71ce4,30,1632.7900000000002,632.4900000000001,0.06666666666666667,14.433333333333334,12.5,3.9310344827586206,0.387367634539653,0.00014627390455365937,0.9939091515326535,395
17306570e772e7718c92a562d33f5f1d,29,9669.799999999996,930.83,0.06666666666666667,13.966666666666667,12.0,3.625,0.09626155659889558,0.0008662714753599511,0.78303715873993,395
ffc470761de7d0232558ba5e786e57b7,28,1649.0099999999998,438.12,0.06666666666666667,10.0,8.5,4.3,0.26568668473811563,0.00014772697735044297,0.9937628776280999,395
6a8a889bde935bafa76d7848782dfaf9,26,860.8200000000002,367.80000000000007,0.06666666666666667,7.433333333333334,5.0,3.933333333333333,0.42726702446504494,7.711677712252101e-05,0.9991859101425613,395
640e21a7d01df7614a3b4923e990d40c,116,7598.880000000009,2446.2399999999993,0.0661764705882353,10.360294117647058,8.0,4.262773722627737,0.3219211252184528,0.0006807475840951454,0.842388460907041,402
dc4a0fc896dc34b0d5bfec8438291c80,231,24180.770000000055,4614.3200000000015,0.06611570247933884,13.764462809917354,12.0,3.7771084337349397,0.19082601587956013,0.002166240387933536,0.5564919124606418,403
4830e40640734fc1c52cd21127c341d4,210,9843.469999999987,3126.550000000001,0.0660377358490566,9.849056603773585,7.0,4.0963302752293576,0.31762681249600044,0.000881829746174834,0.7769339555704005,404
8a432f4e5b471f8da497d7dc517666e2,95,7555.0,1965.11,0.0660377358490566,7.915094339622642,6.0,4.201923076923077,0.26010721376571805,0.0006768165832121072,0.844424602903626,404
2e1c9f22be269ef4643f826c9e650a52,167,12687.679999999968,2434.689999999999,0.0658682634730539,9.616766467065869,7.0,4.158823529411765,0.19189402633105543,0.0011366290174041783,0.7214500962371817,406
f457c46070d02cadd8a68551231220dd,199,19092.999999999996,3714.22,0.06521739130434782,14.382608695652173,13.0,3.769396551724138,0.19453307494893418,0.0017104512274346473,0.6029622474621407,407
ad420dd0c4f92f8af951ac24b86d0cf5,42,4705.289999999998,913.1100000000001,0.06521739130434782,14.565217391304348,9.5,4.159090909090909,0.1940603023405572,0.0004215245930935929,0.9199522738150314,407
c003204e1ab016dfa150abc119207b24,197,25108.09000000007,4742.799999999998,0.065,9.625,8.0,4.422885572139304,0.18889529231414995,0.0022493145843523656,0.5454065365548078,409
8a130737016f838139d31878787a39c9,56,4222.03,842.2900000000004,0.06451612903225806,10.193548387096774,8.5,4.354838709677419,0.19949881928835192,0.00037823162393368795,0.93308273322151,410
b335c59ab742f751a85db9c411a86739,33,2873.34,607.38,0.06451612903225806,16.741935483870968,13.0,3.6857142857142855,0.21138466036041678,0.00025740888963688633,0.9739969550241412,410
e06f09ec0a4aca210779cf1cfc63cf19,29,5279.49,621.9200000000001,0.06451612903225806,14.935483870967742,15.0,4.016129032258065,0.11779925712521476,0.00047296444512276474,0.9021593149999837,410
6a51fc556dab5f766ced6fbc860bc613,26,7577.6699999999955,792.5799999999999,0.06451612903225806,15.03225806451613,13.0,3.9393939393939394,0.104594156251196,0.000678847480888006,0.8437477863204138,410
157c3e4b42f81ac4a44e8b1ca2fe9876,23,2548.5,583.3199999999999,0.06451612903225806,10.290322580645162,8.0,3.967741935483871,0.22888758092995878,0.0002283080161900801,0.9813003354058426,410
a17f621c590ea0fab3d5d883e1630ec6,65,2778.5799999999977,1122.9600000000003,0.0641025641025641,11.615384615384615,10.0,4.092105263157895,0.40414888180293573,0.000248919791102779,0.9770261047529052,415
59fb871bf6f4522a87ba567b42dafecf,126,21708.570000000025,2046.1899999999987,0.064,12.08,10.0,4.21259842519685,0.09425724494980536,0.001944767726515006,0.5868694958008953,416
f80edd2c5aaa505cc4b0a3b219abf4b8,119,9108.199999999979,3000.7400000000007,0.064,12.12,10.0,4.078740157480315,0.32945477701411996,0.0008159603975132363,0.8007298626988198,416
2ff97219cb8622eaf3cd89b7d9c09824,89,4476.900000000003,1389.1300000000003,0.06382978723404255,8.702127659574469,6.0,4.541666666666667,0.31028836918403346,0.00040106421725774784,0.9261001406080858,418
5b925e1d006e9476d738aa200751b73b,63,7748.5,1053.3400000000001,0.06349206349206349,10.80952380952381,9.0,4.603174603174603,0.13594114989998066,0.0006941513295855741,0.8361934946674451,419
82e0a475a88cc9595229d8029273f045,42,10930.019999999991,1485.8999999999994,0.06329113924050633,15.316455696202532,12.0,3.35,0.13594668628236733,0.0009791686023613488,0.7593722655641403,420
128639473a139ac0f3e5f5ade55873a5,533,11908.849999999888,9785.599999999995,0.0631768953068592,14.30505415162455,13.0,4.176895306859206,0.8217082253954066,0.0010668573351403608,0.736833615787423,421
46dc3b2cc0980fb8ec44634e21d2718e,521,128111.19000000112,11798.499999999984,0.06309751434034416,11.732313575525813,10.0,4.181308411214953,0.09209578023590195,0.01147687331396927,0.1715873760063388,422
d91fb3b7d041e83b64a00a3edfb37e4f,535,40889.74000000002,9290.769999999999,0.06285714285714286,11.217142857142857,9.0,4.0927318295739346,0.22721518894470824,0.003663117685669284,0.4194993079337669,423
0be8ff43f22e456b4e0371b2245e4d01,161,11805.499999999964,2579.15,0.06285714285714286,10.262857142857143,8.0,3.8944444444444444,0.21847020456566923,0.0010575986992866322,0.7421362905150484,423
850f4f8af5ea87287ac68de36e29107f,187,45355.36000000004,3114.4100000000008,0.06282722513089005,10.078534031413612,8.0,4.287234042553192,0.06866685657439381,0.004063171381277975,0.38464317416746846,425
1127b7f2594683f2510f1c2c834a486b,114,6851.330000000001,1821.7099999999987,0.0625,10.203125,8.0,4.090909090909091,0.26589144005616405,0.0006137781285319136,0.8605246853260897,426
0509040ea3fe50071181bbc359eb7738,89,3737.9500000000057,1445.1499999999992,0.0625,11.291666666666666,11.0,4.5,0.38661565831538597,0.0003348651948666711,0.9516041473510604,426
96493fab2fbb13a14d0c0e8772eef5c3,63,18969.0,1212.2300000000002,0.0625,13.375,13.0,4.031746031746032,0.06390584638093733,0.0016993426561152166,0.6080670624092216,426
d4e12e7884759a14fa0f5f896c791cae,29,1399.9999999999995,439.6700000000001,0.0625,8.125,6.5,4.625,0.31405000000000016,0.00012541935360647913,0.9959244703331299,426
6560211a19b47992c3666cc44a7e94c0,1854,123304.83000000003,27960.939999999824,0.06212424849699399,9.47194388777555,8.0,3.908142999006951,0.22676273103008063,0.011046294339397716,0.18263367034573652,430
08633c14ef2db992c11f840f04fad4cd,74,7644.299999999987,1424.5199999999995,0.061855670103092786,10.041237113402062,8.0,4.237113402061856,0.18635061418311707,0.0006848165462671479,0.8410233482863516,431
8f119a0aee85c0c8fc534629734e94fd,77,3733.6800000000003,1092.7700000000002,0.06172839506172839,9.876543209876543,9.0,4.216867469879518,0.29267907265753895,0.00033448266583817083,0.9519386300168985,432
9de4643a8dbde634fe55621059d92273,72,17560.339999999993,1722.07,0.06172839506172839,14.975308641975309,14.0,4.530864197530864,0.0980658688840877,0.001573147494221428,0.6178332166358508,432
01fdefa7697d26ad920e9e0346d4bd1b,129,14921.42999999997,2768.6400000000003,0.06153846153846154,10.684615384615384,8.0,4.346153846153846,0.1855478998996749,0.0013367400753459447,0.6657807882643108,434
5a8e7d5003a1f221f9e1d6e411de7c23,139,11171.899999999963,2694.290000000002,0.061452513966480445,10.430167597765363,9.0,4.1722222222222225,0.24116667710953468,0.0010008374832544428,0.7534658731318471,435
1b4c3a6f53068f0b6944d2d005c9fc89,113,14760.299999999977,3031.3700000000013,0.06086956521739131,14.330434782608696,12.0,4.103448275862069,0.20537319702174114,0.0013223052035983653,0.6671030934679091,436
dbd66278cbfe1aa1000f90a217ca4695,85,4928.899999999999,1543.8700000000015,0.06060606060606061,8.95959595959596,7.0,4.454545454545454,0.3132281036336712,0.00044155675142212495,0.9117681566272368,437
834f3294fba9f932f56edc879193f925,66,39907.5,4299.919999999998,0.06060606060606061,14.181818181818182,13.0,4.545454545454546,0.107747165319802,0.0035751234671789764,0.43029993801014044,437
05d2173d43ea568aa0540eba70d2ca76,62,5759.66,1679.2699999999998,0.06060606060606061,14.56060606060606,13.0,4.0,0.291557140525656,0.0005159805958522098,0.8913061279434811,437
7a241947449cc45dbfda4f9d0798d9d0,62,8027.6299999999965,1990.47,0.06060606060606061,12.727272727272727,11.0,3.5774647887323945,0.24795238445219833,0.0007191572611371284,0.8305613639025036,437
6d803cb79cc31c41c4c789a75933b3c7,58,8711.399999999998,1213.67,0.06060606060606061,12.742424242424242,10.0,4.28030303030303,0.13931974194733343,0.0007804129692910587,0.8126964296079782,437
25c5c91f63607446a97b143d2d535d31,158,54679.22000000012,7000.11000000002,0.06015037593984962,13.81203007518797,13.0,3.718283582089552,0.12802139459926468,0.004898451734361773,0.3273112561795956,442
cb3dd9ce66268c7a3ca7241ac70ab58c,50,2879.7599999999984,845.9500000000004,0.06,13.74,12.0,4.173076923076923,0.29375711864877657,0.0002579840269584244,0.9737395461345043,443
9b00ed88b7fdb95d6ff76e27c1b52d16,47,1627.8800000000006,575.4799999999998,0.06,8.96,6.0,4.509803921568627,0.35351500110573236,0.00014583404096351097,0.994054985573617,443
cc419e0650a3c5ba77189a1882b7556a,1706,104288.42000000263,25668.989999999976,0.05991855730075625,11.485165794066317,9.0,4.066402565553669,0.24613461398685807,0.009342704446458102,0.2320656149623774,445
a7f13822ceb966b076af67121f87b063,75,12477.639999999978,3117.4800000000014,0.05952380952380952,22.273809523809526,20.0,3.4352941176470586,0.24984532331434525,0.0011178125309531041,0.7259537744307216,446
fa40cc5b934574b62717c68f3d678b6d,307,16055.869999999926,4530.900000000006,0.05934718100890208,11.178041543026707,9.0,4.437869822485207,0.2821958573406503,0.0014383691692783224,0.6421475948301445,447
3d871de0142ce09b7081e2b9d1733cb1,1080,94914.19999999965,22433.50999999993,0.0592396109637489,13.34924845269673,11.0,4.113656387665198,0.2363556770219842,0.008502912580054315,0.24969736869882492,448
8a32e327fe2c1b3511609d81aaf9f042,132,6429.009999999972,2363.029999999998,0.05917159763313609,9.094674556213018,8.0,3.7752808988764044,0.3675573688639477,0.0005759444846639908,0.875423502075563,449
7a67c85e85bb2ce8582c35f2203ad736,1160,141745.53000000177,20902.850000000002,0.05887445887445888,11.136796536796536,9.0,4.234509466437177,0.14746743689201164,0.012698309106577158,0.13555157915485638,450
f8db351d8c4c4c22c6835c19a46f01b0,667,50525.600000000646,12554.200000000033,0.058823529411764705,9.890756302521009,8.0,4.220833333333333,0.24847206168753805,0.00452634863755686,0.35967786415284175,451
dfc5fb7259bb2b599ca565e6e9448f0f,33,6124.629999999997,721.3499999999998,0.058823529411764705,14.323529411764707,11.0,4.117647058823529,0.11777854335690484,0.0005486765254848929,0.8838733291224984,451
575df70bde3f9f2b30bf8d2e9910d725,27,5410.049999999999,753.3700000000001,0.058823529411764705,13.294117647058824,10.5,4.117647058823529,0.13925379617563613,0.0004846606956990946,0.8983264305731252,451
537eb890efff034a88679788b647c564,160,4679.700000000003,2499.199999999998,0.05847953216374269,9.052631578947368,8.0,4.164739884393064,0.5340513280765854,0.000419232106480172,0.9207928217809667,454
5dceca129747e92ff8ef7a997dc4f8ca,325,112155.52999999959,13661.390000000014,0.05830903790087463,11.329446064139942,9.0,3.991228070175439,0.12180754707324787,0.01004748148285145,0.21314273437778558,455
41b39e28db005d9731d9d485a83b4c38,195,17112.549999999967,3930.36,0.05829596412556054,12.47085201793722,9.0,4.138528138528138,0.22967704988444199,0.0015330321139703934,0.6318068327308197,456
ceaec5548eefc6e23e6607c5435102e7,203,52917.17999999999,6331.840000000001,0.05825242718446602,12.87378640776699,11.0,4.14975845410628,0.11965565814353679,0.004740598935912647,0.3368179500143041,457
79ebd9a61bac3eaf882805ed4ecfa12a,136,15092.789999999964,4012.349999999998,0.05714285714285714,15.278571428571428,14.0,4.0,0.2658454798615768,0.0013520914042273772,0.6630959442243295,458
240b9776d844d37535668549a396af32,36,13592.079999999994,860.5699999999999,0.05714285714285714,11.342857142857143,10.0,4.277777777777778,0.0633140770213242,0.001217649919833966,0.6909770508517834,458
232a6014e7b10cba61c6c2b2ea6bb4b0,33,3919.8700000000017,1213.4,0.05714285714285714,13.742857142857142,11.0,4.085714285714285,0.30955108205119036,0.0003511625440153069,0.9443727988875451,458
0241d4d5d36f10f80c644447315af0bd,238,31397.700000000103,6853.909999999996,0.056910569105691054,10.886178861788618,9.0,4.3061224489795915,0.2182933781773816,0.0028127708848072596,0.498435744290023,461
7202e2ba20579a9bd1acb29e61fe71f6,53,12750.499999999987,1165.6600000000003,0.05660377358490566,13.169811320754716,11.0,3.8333333333333335,0.09142072859887859,0.0011422567629710077,0.7180343153712022,462
7d456afc660226829370f3173d14520c,56,8338.25,1519.6199999999997,0.056179775280898875,8.9438202247191,7.0,4.274725274725275,0.18224687434413692,0.0007469842322923035,0.8203180875791795,463
87142160b41353c4e5fca2360caf6f92,305,31095.980000000072,7218.33,0.05604719764011799,10.725663716814159,9.0,4.362426035502959,0.23213064839892433,0.002785741222400009,0.5012214855124231,464
7e93a43ef30c4f03f38b393420bc753a,336,176431.86999999982,6322.180000000003,0.055900621118012424,11.273291925465838,9.0,4.206489675516224,0.035833548666689356,0.015805693636415957,0.10849843645290866,465
a1043bafd471dff536d0c462352beb48,718,101901.16000000053,31844.08999999997,0.05585106382978723,13.554521276595745,11.0,4.189048239895698,0.31249977919780114,0.009128841156393197,0.2411944561187706,466
6edacfd9f9074789dad6d62ba7950b9c,208,13147.09999999995,2940.4999999999973,0.05555555555555555,9.032407407407407,8.0,4.36697247706422,0.2236614918879455,0.0011777862741426683,0.704125817004626,467
001cca7ae9ae17fb1caed9dfb1094831,200,25080.030000000017,8854.139999999996,0.05555555555555555,13.11111111111111,11.0,3.902542372881356,0.35303546287624016,0.0022468008221650767,0.5476533373769729,467
81a1104df0f08b59c68aa5b03cfe398e,73,9420.879999999985,1814.3900000000015,0.05555555555555555,12.791666666666666,10.5,4.267605633802817,0.19259241174922134,0.0008439719142887182,0.7907380378458365,467
f4c4daa86e30c7e5a553a8d518ac03a5,20,6301.91,369.28999999999996,0.05555555555555555,16.61111111111111,14.5,3.7,0.058599694378370995,0.0005645581990615764,0.8794162504897909,467
2138ccb85b11a4ec1e37afbd1c8eda1f,396,12357.02999999992,6069.220000000015,0.05489260143198091,11.24582338902148,9.0,3.897196261682243,0.49115523714032044,0.0011070076536399008,0.7270607820843615,471
5f2684dab12e59f83bef73ae57724e45,68,9000.869999999986,1122.1900000000003,0.0547945205479452,10.191780821917808,7.0,3.77027027027027,0.12467572579095154,0.0008063452123542489,0.805597833050993,472
116ccb1a1604bc88e4d234a8c23f33de,61,2004.89,943.44,0.0547945205479452,8.643835616438356,6.0,4.602739726027397,0.47056945767598224,0.00017960857703721,0.9895308246079283,472
18a349e75d307f4b4cc646a691ed4216,121,8711.529999999997,2198.03,0.0546875,10.96875,8.0,3.3945578231292517,0.25231273955321293,0.0007804246153738936,0.8119160166386871,474
9b013e03b2ab786505a1d3b5c0756754,174,9027.399999999983,2604.209999999995,0.05454545454545454,7.8954545454545455,6.0,4.0,0.28847841017347187,0.0008087219091050913,0.8047914878386389,475
dd2bdf855a9172734fbc3744021ae9b9,108,10816.699999999977,2037.180000000001,0.05454545454545454,15.172727272727272,14.0,3.794392523364486,0.1883365536623929,0.0009690168015394287,0.7603412823656795,475
2528513dd95219a6013d4d05176e391a,161,32689.100000000013,3749.649999999998,0.05421686746987952,10.5,10.0,3.9451219512195124,0.11470643119571956,0.002928461279983971,0.48135513604862135,477
701938c450705b8ae65fc923b70f35c7,75,11983.279999999982,3808.8400000000024,0.05405405405405406,12.576576576576576,11.0,3.765765765765766,0.317846199037326,0.0010735251654896052,0.7357667584522827,478
e333046ce6517bd8bb510291d44f0130,68,7268.0,1431.3200000000004,0.05405405405405406,9.972972972972974,8.0,4.391891891891892,0.19693450742982943,0.000651105615722779,0.8517002709832954,478
cca3071e3e9bb7d12640c9fbe2301306,712,64009.89000000051,14371.400000000043,0.05385556915544676,14.248470012239903,12.0,3.850985221674877,0.22451842988638052,0.005734342163015642,0.28701670094414844,480
09f952a5f58d2285b0372551ae8f9b01,50,11821.499999999998,1524.9600000000005,0.05357142857142857,13.089285714285714,11.0,3.875,0.12899885801294259,0.0010590320633278522,0.7400210124897478,481
d2374cbcbb3ca4ab1086534108cc3ab7,524,21223.920000000082,9593.880000000032,0.0532258064516129,14.251612903225807,13.0,3.6813804173354736,0.4520314814605405,0.0019013502338540253,0.5887708460347493,482
dee656f0f566ed1aa85bd137c943f08f,93,6271.979999999992,1696.6899999999994,0.05319148936170213,12.46808510638298,10.0,4.382978723404255,0.27051903864489385,0.0005618769124519744,0.8799781274022429,483
53e4c6e0f4312d4d2107a8c9cddf45cd,473,30148.950000000084,9887.23999999999,0.052734375,11.966796875,10.0,4.040384615384616,0.32794641272747355,0.0027009013006529074,0.5066868560172518,484
1a3df491d1c4f1589fc2b934ada68bf2,167,23302.700000000044,4291.419999999999,0.05263157894736842,14.953216374269006,13.0,4.165730337078652,0.18415977547666113,0.0020875782652040767,0.5628444887226526,485
45ba18c210d42734ec52c0c1c574e9ee,38,5589.1299999999965,972.9599999999999,0.05263157894736842,7.105263157894737,5.5,3.8292682926829267,0.17408076033300363,0.0005007036227304146,0.8953790578463221,485
ba90964cff9b9e0e6f32b23b82465f7b,38,44212.5,1311.0000000000002,0.05263157894736842,9.973684210526315,7.0,4.421052631578948,0.02965224766751485,0.0039607879795188995,0.39263396996361416,485
63b464dbf392c7b80d12d932fa7cafed,37,6781.0,881.25,0.05263157894736842,13.131578947368421,9.0,3.6923076923076925,0.12995870815513935,0.0006074775977182394,0.8641829904919907,485
65febd49fd28ec955651299159b1f527,35,4319.699999999997,981.4399999999997,0.05263157894736842,7.105263157894737,6.5,4.225,0.2272009630298401,0.0003869814155527912,0.9300379598246968,485
0adac9fbd9a2b63cccaac4f8756c1ca8,110,15960.949999999972,2499.2699999999986,0.05223880597014925,12.776119402985074,11.0,3.8865248226950353,0.15658654403403324,0.001429865737103807,0.6450144832701804,490
bfd27a966d91cfaafdb25d076585f0da,117,19921.0,2724.0499999999997,0.05217391304347826,12.347826086956522,10.0,4.2844827586206895,0.13674263340193765,0.0017846278165676223,0.5960430382066187,491
25e6ffe976bd75618accfe16cefcbd0d,108,11691.609999999997,1705.2399999999998,0.05217391304347826,9.97391304347826,9.0,4.384615384615385,0.14585159785521415,0.001047395834870748,0.7473998003619525,491
1f9ab4708f3056ede07124aad39a2554,78,13602.729999999983,2440.7800000000007,0.05194805194805195,14.545454545454545,13.0,4.089743589743589,0.17943309909113858,0.0012186040027739001,0.688541632759582,493
dc317f341ab0e22f39acbd9dbf9b4a1f,55,18988.399999999998,3581.7300000000005,0.05172413793103448,12.120689655172415,10.0,4.120689655172414,0.1886272671736429,0.0017010806100151918,0.6063677197531063,494
d9a84e1403de8da0c3aa531d6d108ba6,54,1425.200000000001,732.1399999999996,0.05172413793103448,7.413793103448276,4.5,4.559322033898305,0.5137103564412007,0.00012767690197139586,0.9956731272609449,494
b6d44737c043328708f6749c2dbe50bd,62,5369.599999999997,1565.5999999999997,0.05063291139240506,7.860759493670886,7.0,4.525,0.2915673420738976,0.0004810369722323929,0.8997707894123907,496
0c8380b62e38e8a1e6adbeba7eb9688c,182,17348.789999999983,4107.039999999998,0.05045871559633028,12.63302752293578,10.0,4.032110091743119,0.2367335128271195,0.0015541957340389624,0.624094140017656,497
1c129092bf23f28a5930387c980c0dfc,201,9553.619999999968,3035.6700000000037,0.0502283105022831,11.54337899543379,10.0,4.168949771689498,0.3177507583512861,0.0008558634607156625,0.7881954247279601,498
05ff92fedb5be47920fea08e501238b9,59,21992.780000000006,1815.3900000000006,0.05,12.25,11.0,4.209677419354839,0.08254481698084554,0.001970228751149645,0.5810140003340009,499
d1b65fc7debc3361ea86b5f14c68d2e2,40,11703.069999999994,1438.7299999999998,0.05,9.05,7.0,4.560975609756097,0.12293611847147803,0.0010484224818652695,0.7463524045270818,499
6288c69c4ce638e59925e59193f98b16,22,4506.279999999997,306.20000000000005,0.05,9.6,7.5,3.9545454545454546,0.06794961697897163,0.0004036962319784318,0.9244914412063793,499
808d4348b916efa08e766ebad39f61eb,21,731.0999999999998,283.82000000000005,0.05,7.85,6.5,4.428571428571429,0.3882095472575573,6.549577815835491e-05,0.9996824301339965,499
430315b7bb4b6e4b3c978f9dfa9b0558,20,3118.4,586.2299999999999,0.05,14.2,11.5,4.0,0.18799063622370443,0.00027936265163317473,0.9681013486562583,499
542917da124346b47ea1ac79a93ce454,20,1303.9,363.1799999999999,0.05,11.5,11.0,4.15,0.2785336298795919,0.00011681021083392013,0.9966398166376225,499
1da3aeb70d7989d1e6d9b0e887f97c23,265,8823.51999999995,4231.839999999996,0.04938271604938271,8.24074074074074,7.0,4.079754601226994,0.47960904491631684,0.0007904572678098819,0.8087715375433141,505
8cbac7e12637ed9cffa18c7875207478,67,2990.9800000000005,1663.3700000000001,0.04938271604938271,13.45679012345679,12.0,4.146341463414634,0.556128760473156,0.00026794769874993366,0.9713699561817484,505
3078096983cf766a32a06257648502d1,59,8285.419999999995,1415.4800000000007,0.04918032786885246,11.868852459016393,11.0,4.203125,0.17083986086402397,0.0007422514433987099,0.8225486869084163,507
fdb9095204a334cd8872252ffec6f2db,46,8156.0,1133.37,0.04918032786885246,8.80327868852459,6.0,4.139344262295082,0.13896150073565472,0.0007306573200103172,0.8254893416371283,507
870d0118f7a9d85960f29ad89d5d989a,45,3157.2000000000016,1270.8300000000002,0.04918032786885246,14.901639344262295,13.0,4.016393442622951,0.4025180539718737,0.00028283855943312585,0.9669786268534641,507
516e7738bd8f735ac19a010ee5450d8d,76,6643.089999999994,1466.23,0.04878048780487805,8.75609756097561,7.5,4.5476190476190474,0.22071505880546574,0.0005951228955354749,0.8695825230029961,510
1d4587203296c8f4ad134dc286fa6db0,42,2323.300000000001,704.24,0.04878048780487805,9.365853658536585,7.0,4.3023255813953485,0.3031205612706063,0.00020813341730995227,0.9843374725557266,510
75fbb52eda0cbc24f479d3b2fbfa8d3e,40,1130.9899999999998,943.5199999999999,0.04878048780487805,13.78048780487805,12.0,4.404761904761905,0.8342425662472701,0.00010132002481099417,0.9980614754697377,510
a2e874074c877c5a05abae80ad6e488f,44,8071.98,1202.8200000000004,0.047619047619047616,19.142857142857142,17.0,3.9130434782608696,0.14901176662974888,0.0007231303670888769,0.8291196182650555,513
31344c16881c08a8a72c6d2eb29918c1,43,9615.699999999993,2296.9200000000005,0.047619047619047616,15.666666666666666,13.0,4.348837209302325,0.2388718450034841,0.0008614249131955863,0.7847603122603274,513
e63e8bfa530fb16910dd6956e592bb81,42,1311.7000000000003,667.47,0.047619047619047616,9.214285714285714,8.0,4.255813953488372,0.5088587329419836,0.00011750897580401338,0.9965230064267885,513
83deb69e889cf80f82be1dc6d5f2d486,40,5363.009999999998,913.64,0.047619047619047616,15.738095238095237,14.0,4.357142857142857,0.17035955554809712,0.00048044660541791685,0.9002512360178085,513
b56906f7fd1696e043f1bcce164c487b,40,2148.49,846.9300000000002,0.047619047619047616,13.476190476190476,10.0,3.9523809523809526,0.3941977854213891,0.0001924730193071317,0.987131313180812,513
af3ef48d0e13835e529c29ac573c63e5,21,1405.63,467.49999999999994,0.047619047619047616,7.9523809523809526,7.0,3.761904761904762,0.3325910801562288,0.00012592371857848237,0.9957990509795235,513
7299e27ed73d2ad986de7f7c77d919fa,338,34725.43000000012,6855.650000000014,0.04748603351955307,11.287709497206704,10.0,4.421052631578948,0.19742448113673441,0.0031108864173621815,0.460376101913724,519
98dac6635aee4995d501a3972e047414,91,4235.850000000004,2439.520000000001,0.04736842105263158,8.478947368421053,8.0,3.8756476683937824,0.5759221879906037,0.0003794696921242895,0.9323253284326382,520
e8b3a3a38279a82f0e5d006d5e5b7d2c,87,13154.69999999998,1761.6899999999994,0.047058823529411764,16.776470588235295,15.0,3.7282608695652173,0.13392095600811893,0.0011784671220622493,0.7029480307304833,521
9f505651f4a6abe901a56cdc21508025,397,26361.820000000145,6030.039999999997,0.046948356807511735,8.065727699530516,6.0,4.28169014084507,0.2287414146671195,0.0023616303030645517,0.5362830534923714,522
c33847515fa6305ce6feb1e818569f13,114,15519.850000000002,4374.410000000002,0.046875,9.4921875,8.0,3.71875,0.28185903858606887,0.0013903496821925114,0.6548696565705896,523
cce6ab8d1682639fe45ab70234f1665f,63,2522.700000000001,1167.4400000000003,0.046875,15.359375,14.5,4.4393939393939394,0.46277401197130047,0.00022599671667361795,0.9815263321225162,523
7178f9f4dd81dcef02f62acdf8151e01,203,37070.4000000001,4408.519999999998,0.046511627906976744,15.516279069767442,14.0,4.032558139534884,0.11892291423885325,0.0033209611470954555,0.450730300994668,525
670c26e0f1bf8d0576271d5cfaec6d2b,78,6341.599999999997,1694.0299999999997,0.046511627906976744,13.651162790697674,11.5,4.310344827586207,0.2671297464362307,0.0005681138377363198,0.8788516922907292,525
3586b8580d9c917874e053a1bb37b5ff,36,1524.700000000001,827.65,0.046511627906976744,13.976744186046512,11.0,4.441860465116279,0.5428280973306221,0.0001365906346027135,0.9947604327076998,525
44073f8b7e41514de3b7815dd0237f4f,144,18729.639999999996,3172.290000000001,0.046357615894039736,13.099337748344372,12.0,3.7565789473684212,0.16937271618675007,0.0016778995300586112,0.6097449619392802,528
4d6d651bd7684af3fffabd5f08d12e5a,369,43587.40000000024,7898.909999999983,0.04627249357326478,12.987146529562983,11.0,4.1725888324873095,0.18122003147698507,0.0039047882381336285,0.4004572028157841,529
a3a38f4affed601eb87a97788c949667,254,26533.320000000123,5241.949999999995,0.046153846153846156,12.476923076923077,10.0,4.388461538461539,0.19756102892513908,0.0023769941738813437,0.5315564020844323,530
813348c996469b40f2e028d5429d3495,179,11205.82999999996,3594.600000000004,0.046153846153846156,10.179487179487179,8.0,4.0,0.3207794514105619,0.0010038771108743481,0.7514627047791776,530
1838dd9b8977065acf51d95e0053ea7a,64,2820.3000000000034,1255.5799999999997,0.046153846153846156,12.461538461538462,10.0,4.2388059701492535,0.4451937737120158,0.00025265728784025255,0.9752700035683155,530
01cf7e3d21494c41fb86034f2e714fa1,61,9729.359999999991,2008.8200000000006,0.046153846153846156,11.523076923076923,9.0,4.212121212121212,0.20646990141180946,0.0008716071730033807,0.78217088726457,530
95f83f51203c626648c875dd41874c7f,52,3217.4599999999987,1609.049999999999,0.046153846153846156,11.0,9.0,3.208955223880597,0.5000994573359109,0.00028823696675335877,0.9652704313826895,530
bd23da7354813347129d751591d1a6e2,89,10544.299999999983,1466.8300000000008,0.04597701149425287,9.781609195402298,7.0,4.022471910112359,0.13911117855144517,0.0009446137787377114,0.7641572405549164,535
282f23a9769b2690c5dda22e316f9941,99,6505.079999999999,1881.8799999999997,0.045871559633027525,11.128440366972477,9.0,4.3,0.2892939056860177,0.0005827592348274538,0.8731138410733704,536
aafe36600ce604f205b86b5084d3d767,129,9251.39999999998,2421.8,0.04580152671755725,12.396946564885496,11.0,4.3816793893129775,0.2617765959746639,0.0008287890056821276,0.7974448064251044,537
4e7c18b98d84e05cbae3ff0ff03846c2,82,9177.899999999998,2875.9799999999996,0.045454545454545456,12.068181818181818,12.0,4.136363636363637,0.3133592651913837,0.0008222044896177891,0.7999139023013067,538
c66dccfb3f109511246da627dd5a2498,45,12708.549999999997,973.6999999999999,0.045454545454545456,11.318181818181818,9.0,4.488888888888889,0.07661771012428642,0.0011384986616254432,0.7203134672197775,538
5670f4db5b62c43d542e1b2d56b0cf7c,22,6630.089999999999,582.5600000000001,0.045454545454545456,8.590909090909092,7.5,4.409090909090909,0.08786607723273743,0.0005939582872519866,0.870176481290248,538
412a4720f3e9431b4afa1476a1acddbe,21,2058.0999999999995,511.06,0.045454545454545456,10.318181818181818,5.0,4.2727272727272725,0.24831640833778734,0.00018437540832678191,0.9884407745467483,538
36a968b544695394e4e9d7572688598f,154,9482.86999999998,2145.9999999999977,0.04487179487179487,10.705128205128204,10.0,3.632716049382716,0.22630279651624477,0.0008495253040959076,0.789044950032056,542
00fc707aaaad2d31347cf883cd2dfe10,103,12684.899999999992,2285.090000000001,0.044444444444444446,15.703703703703704,14.0,3.791044776119403,0.18014253167151514,0.001136379970402019,0.7225864762075838,543
afe0067131b73e40875c9b6c10bd2e21,46,5130.399999999999,1125.45,0.044444444444444446,15.422222222222222,13.0,4.2,0.21936886012786533,0.00045960817981620036,0.9063403563856334,543
b32be1695eb7ec5f10f72d9610a12527,45,26874.0,2957.0200000000004,0.044444444444444446,12.244444444444444,12.0,4.088888888888889,0.11003274540448019,0.0024075140777289434,0.5267808523580796,543
710e3548e02bc1d2831dfc4f1b5b14d4,136,23979.11000000005,3875.9599999999973,0.043795620437956206,14.248175182481752,13.0,3.397163120567376,0.16163902663610072,0.002148174625899048,0.5586400870865409,546
381c83fdca332ea6afd896da20bf6e4a,46,7355.799999999999,999.2100000000002,0.043478260869565216,12.58695652173913,10.5,4.391304347826087,0.13583974550694694,0.0006589712008989566,0.8490935273665103,547
4e06067cc08b3f41d837768d392c3ee3,31,941.7200000000001,572.5300000000001,0.043478260869565216,9.934782608695652,8.0,4.173913043478261,0.6079620269294482,8.436422405592398e-05,0.9987882125390954,547
6426d21aca402a131fc0a5d0960a3c90,23,1209.64,384.18,0.043478260869565216,11.0,9.0,4.173913043478261,0.31759862438411424,0.00010836590492610105,0.9976415123475965,547
7c5b05cbdb5542049f38d90d7815b97d,22,1038.96,306.49999999999994,0.043478260869565216,7.6521739130434785,7.0,4.416666666666667,0.29500654500654494,9.30754940164197e-05,0.9983502875738126,547
9596c870880d900012f2e8e6e30d06d7,22,8606.249999999998,2009.08,0.043478260869565216,13.26086956521739,10.0,4.041666666666667,0.233444299201162,0.0007709930799826865,0.8150247754063006,547
f0837c8d71434931d9e38e7b79234797,22,3446.9,602.46,0.043478260869565216,11.608695652173912,10.0,4.608695652173913,0.17478313847225044,0.0003087914071044093,0.9610810388597942,547
82bd0703a4aefd6b599e5bfdaed378fb,21,2692.28,392.56,0.043478260869565216,12.217391304347826,12.0,3.6666666666666665,0.1458094997548546,0.00024118858380546551,0.9787323293481237,547
1e8b33f18b4f7598d87f5cbee2282cc2,123,17309.05999999998,2702.2400000000007,0.04316546762589928,7.712230215827338,6.0,4.282608695652174,0.15611708550319914,0.0015506365119541154,0.62564477652961,554
6b90f847357d8981edd79a1eb1bf0acb,45,3322.0800000000013,737.65,0.0425531914893617,5.404255319148936,4.0,4.361702127659575,0.22204462264605299,0.00029760937587786605,0.9641087444742872,555
dbb9b48c841a0e39e21f98e1a6b2ec3e,108,7186.849999999988,1581.4099999999999,0.0423728813559322,9.923728813559322,8.0,4.203389830508475,0.22004216033450016,0.0006438357724762308,0.8536351225182028,556
7b07b3c7487f0ea825fc6df75abd658b,93,9731.849999999991,1342.7899999999997,0.041666666666666664,9.4375,7.5,4.336734693877551,0.13797890431932272,0.000871830240282295,0.7812992800915667,557
066a6914e1ebf3ea95a216c73a986b91,68,9410.37999999999,1705.569999999999,0.041666666666666664,14.208333333333334,10.0,3.9726027397260273,0.181243477946693,0.00084303126913667,0.7915810691149734,557
b39d7fe263ef469605dbb32608aee0af,44,5193.099999999999,1062.6700000000003,0.041666666666666664,13.145833333333334,12.0,3.75,0.20463114517340325,0.0004652251751527192,0.9035655338138174,557
113e3a788b935f48aad63e1c41dac1bd,39,847.3500000000003,686.6,0.041666666666666664,12.0,10.0,4.404255319148936,0.8102909069451818,7.591006377032153e-05,0.9992618202063317,557
0d33a55da925bbf1ff02af5f6059fc7f,22,547.3,385.61,0.041666666666666664,8.666666666666666,6.0,4.5,0.7045678786771424,4.903000873487574e-05,0.9999123739768986,557
db4350fd57ae30082dec7acbaacc17f9,137,3331.3099999999918,2090.329999999998,0.041379310344827586,10.848275862068965,9.0,4.124137931034483,0.6274798802873354,0.00029843624775914215,0.9635132730921192,562
d566c37fa119d5e66c4e9052e83ee4ea,65,5145.699999999996,979.2199999999996,0.0410958904109589,5.712328767123288,5.0,4.71830985915493,0.19029869599860083,0.0004609788341806138,0.9058807482058172,563
0c7533c71df861ec58ad7ff999ed0e8d,61,2989.3000000000034,874.21,0.0410958904109589,10.506849315068493,9.0,4.082191780821918,0.2924463921319369,0.00026779719552560613,0.971637753377274,563
80e6699fe29150b372a0c8a1ebf7dcc8,98,11441.559999999989,2713.34,0.04081632653061224,11.479591836734693,9.5,4.292929292929293,0.2371477316030334,0.0010249950424641044,0.7484247954044165,565
f789d2c4f2c2eb38fc4373e7a4b35264,44,4864.239999999994,869.0,0.04081632653061224,10.83673469387755,10.0,4.183673469387755,0.17865072447083225,0.00043576416899055673,0.9139594468434958,565
9d4db00d65d7760644ac0c14edb5fd86,98,9979.699999999986,1533.11,0.04040404040404041,8.06060606060606,6.0,4.515151515151516,0.1536228543944209,0.0008940339451332702,0.7760521258242256,567
53243585a1d6dc2643021fd1853d8905,358,222776.04999999952,13080.630000000008,0.04,13.29,12.0,4.075980392156863,0.05871650027011448,0.019957448707146157,0.040514812224987956,568
25cf099de44674fde97473224f9d59ab,50,1654.36,705.19,0.04,9.3,7.0,4.326530612244898,0.42626151502695914,0.0001482062584517249,0.9934672471904513,568
7dc8c42cc750eeafea6c85712ffee9bf,41,6409.679999999997,1035.4099999999996,0.04,8.62,7.0,4.26,0.16153848554061984,0.0005742128017316978,0.8759977148772946,568
a938325a4b357fd23a6a4d5bb126408e,24,3231.0,560.8100000000001,0.04,12.96,10.0,3.88,0.17357164964407307,0.00028944995107323866,0.964982194415936,568
df56d7b40d437f88407c5f78b63bc328,22,2791.2800000000007,460.22,0.04,12.08,9.0,3.88,0.1648777621736264,0.0002500575238104952,0.9765274750287719,568
1fe5540d7c1c37a595fefbacd5570d9e,20,4537.6,581.15,0.04,11.92,11.0,4.28,0.12807431241184766,0.0004065020420891142,0.9240877449744009,568
de722cd6dad950a92b7d4f82673f8833,339,55426.10000000033,9686.650000000018,0.03978779840848806,12.710875331564987,11.0,4.159151193633952,0.1747669419280801,0.004965361167805798,0.31251866603921685,574
febab0275244b9a49a623f0bd613ca2f,109,7272.419999999998,3016.750000000002,0.03968253968253968,8.11111111111111,6.0,4.263565891472868,0.4148206511725124,0.000651501582539165,0.8503980149592238,575
7008613ea464bad5cb9b83456e1e6a8f,127,7776.999999999996,3083.0500000000006,0.039473684210526314,14.078947368421053,12.0,4.27741935483871,0.3964317860357467,0.0006967045092839914,0.8354993433378596,576
94144541854e298c2d976cb893b81343,68,17286.279999999984,1429.3699999999994,0.039473684210526314,12.302631578947368,10.0,4.333333333333333,0.08268812028961701,0.0015485957599004332,0.6271933722895104,576
abcd2cb37d46c2c8fb1bf071c859fc5b,45,4880.220000000001,1320.3999999999999,0.0392156862745098,13.686274509803921,12.0,4.25,0.2705615730438381,0.00043719574132672275,0.9135236826745052,578
e0a366315b1b726b6c7832d664c0f530,43,7400.089999999994,745.0799999999998,0.0392156862745098,7.352941176470588,6.0,4.333333333333333,0.10068526193600354,0.0006629389317355497,0.8484345561656114,578
080102cd0a76b09e0dcf55fcacc60e05,124,5716.779999999991,2195.93,0.0390625,9.609375,8.0,4.492307692307692,0.38412008158438904,0.0005121391802217477,0.8928463152315745,580
9e6229250fedbe05838fef417b74e7fb,74,13132.19999999998,1854.4500000000003,0.03896103896103896,11.896103896103897,11.0,3.8974358974358974,0.14121396262621672,0.001176451453879288,0.706479344321595,581
f7720c4fa8e3aba4546301ab80ea1f1b,60,2083.4500000000007,1335.5199999999995,0.03896103896103896,9.896103896103897,7.0,4.198717948717949,0.6410137032326185,0.00018664639447958507,0.987885247436999,581
cd06602b43d8800bd0afad514919d35c,44,2588.07,747.2600000000002,0.038461538461538464,12.01923076923077,10.0,3.6792452830188678,0.28873253041841995,0.00023185290463451468,0.9801518094668963,583
a3f0b55de503387383c7b1de3ad7f678,24,4348.400000000001,1229.34,0.038461538461538464,10.423076923076923,8.0,4.384615384615385,0.28271088216355433,0.0003895525123017243,0.9296509784091441,583
cea729054f157f5870bdd321a958d994,24,2482.1000000000013,349.52,0.038461538461538464,7.076923076923077,6.0,4.1923076923076925,0.14081624430925418,0.00022235955541903007,0.9821998295721203,583
10076e5788b8ee532724bcd460baf762,23,821.48,377.3000000000001,0.038461538461538464,9.76923076923077,7.0,4.615384615384615,0.4592929833958223,7.359249328617892e-05,0.9994102163855189,583
730937bf88cb151eb2eb849f642fc213,22,2821.2,455.9699999999999,0.038461538461538464,6.961538461538462,5.0,4.423076923076923,0.16162271373883452,0.0002527379145675707,0.9750173462804752,583
669ae81880e08f269a64487cfb287169,162,13248.869999999999,3372.5899999999983,0.03783783783783784,11.967567567567567,10.0,4.135135135135135,0.2545568037123165,0.0011869033652973382,0.7005877997490639,588
0691148aee60ca47977c187804f935ae,47,5868.509999999998,1490.94,0.03773584905660377,12.943396226415095,10.0,3.990566037735849,0.25405767392404555,0.0005257319505951135,0.8892344125389507,589
6c177e38df6d3f34182b1f1d427231bf,55,8341.89,1034.6400000000003,0.037037037037037035,14.277777777777779,13.0,4.035714285714286,0.12402944656426786,0.0007473103226116803,0.8195711033468871,590
20d83f3ef0e6925fd74bfd59170babf7,40,2903.6000000000026,653.6099999999999,0.037037037037037035,8.481481481481481,8.0,4.351851851851852,0.22510332001653097,0.000260119739379838,0.9732234428068561,590
093805f8f2aeb63881444571e1f48f30,22,1215.7900000000002,343.9399999999999,0.037037037037037035,8.074074074074074,8.0,3.814814814814815,0.2828942498293289,0.0001089168542294438,0.9974246587018007,590
d94a40fd42351c259927028d163af842,101,13823.8,3397.1400000000017,0.03669724770642202,13.605504587155963,12.0,4.102803738317757,0.24574574284928904,0.0012384086145608903,0.6824117573728027,593
0db783cfcd3b73998abc6e10e59a102f,132,9077.399999999994,1999.1500000000003,0.0364963503649635,11.627737226277372,11.0,4.213235294117647,0.22023376737832437,0.0008132011717338952,0.8023583792542485,594
2dee2ce60de9709b1a24083217181a1f,54,7784.499999999997,2060.0599999999995,0.03636363636363636,14.381818181818181,12.0,4.363636363636363,0.2646361359111054,0.0006973763986783119,0.8348026388285755,595
eeb6de78f79159600292e314a77cbd18,83,43739.840000000004,3055.4400000000005,0.03614457831325301,12.120481927710843,10.0,4.428571428571429,0.069854850863652,0.003918444614036301,0.39655241457765045,596
750303a20e9c56b2a6bc45cdce0b897d,54,8084.999999999997,1309.81,0.03571428571428571,13.589285714285714,9.0,4.280701754385965,0.1620049474335189,0.0007242967670774169,0.8283964878979668,597
38e679b9e0064cd94c6f035707344dae,28,3694.5099999999998,723.5900000000001,0.03571428571428571,11.214285714285714,10.0,3.9310344827586206,0.19585547203824058,0.00033097361149476664,0.9549265122990636,597
d624126b9206f595fb3fbb6ba03b28a8,23,7198.7999999999965,569.6999999999999,0.03571428571428571,10.107142857142858,7.0,4.333333333333333,0.07913818969828308,0.0006449063162445155,0.8529912867457267,597
ebd2d60905fb58271facef5596b620d3,84,7941.719999999993,1733.3000000000009,0.03529411764705882,12.8,10.0,4.125,0.21825246923840205,0.0007114609920883191,0.8327049571385859,600
85d9eb9ddc5d00ca9336a2219c97bb13,509,15415.239999999874,8614.340000000017,0.03515625,14.72265625,13.0,4.167630057803469,0.5588197134783556,0.0013809781689205186,0.6562506347395102,601
1c68394e931a64f90ea236c5ea590300,142,24832.750000000007,2896.409999999998,0.03508771929824561,15.67251461988304,14.0,3.9298245614035086,0.11663669951978727,0.0022246481809080686,0.5521160518179198,602
dfa0c4c6229ab200a4a1336b4d7128ff,77,4777.1,1767.1099999999997,0.03488372093023256,9.534883720930232,8.0,4.011627906976744,0.36991270854702635,0.00042795771008107973,0.9169822996248566,603
0432ead42b6c8a0bdf68154add917fdf,85,7792.099999999988,1207.5199999999993,0.034482758620689655,8.735632183908047,7.0,4.477777777777778,0.15496721037974373,0.0006980572465978891,0.8341052624298972,604
30a2f535bb48308f991d0b9ad4a8c4bb,71,4731.300000000001,1084.0600000000009,0.034482758620689655,8.35632183908046,6.0,4.252873563218391,0.2291251875805805,0.0004238547055130964,0.9191072618159605,604
c864036feaab8c1659f65ea4faebe1da,58,10454.19999999999,1845.57,0.034482758620689655,12.258620689655173,10.0,4.568965517241379,0.17653861605861776,0.0009365421474806094,0.7669739917124955,604
376a891762bbdecbc02b4b6adec3fdda,57,6406.229999999999,1287.4000000000005,0.034482758620689655,12.017241379310345,10.0,4.672413793103448,0.2009606273892759,0.0005739037326103106,0.876571618609905,604
138dbe45fc62f1e244378131a6801526,49,1125.5599999999997,689.2399999999999,0.034482758620689655,6.103448275862069,6.0,3.9827586206896552,0.6123529620810975,0.00010083357688950618,0.9981623090466272,604
0885aaf116795758dfeb5f1032487bcd,28,2648.0000000000014,514.32,0.034482758620689655,5.620689655172414,4.0,4.2,0.1942296072507552,0.00023722174882139784,0.9794494324194192,604
d379f449f2a3b271bc01c0782020f705,28,4423.0599999999995,1076.74,0.034482758620689655,13.517241379310345,11.0,3.9310344827586206,0.24343780097941248,0.0003962409472590526,0.9276938282090179,604
5f5b43b2bffa8656e4bc6efeb13cc649,27,3677.2000000000003,555.4499999999999,0.034482758620689655,14.068965517241379,14.0,4.448275862068965,0.15105243119765036,0.00032942289077267514,0.9552559351898362,604
e883aa812c37a7413226856f4579fe91,26,4097.100000000001,457.3600000000001,0.034482758620689655,10.0,8.0,3.896551724137931,0.11163017744258133,0.00036703973832936135,0.937548691544453,604
8fdca8e349553f99bc738833a62c8802,22,989.34,380.8800000000001,0.034482758620689655,10.379310344827585,10.0,4.357142857142857,0.384983928679726,8.863027378359578e-05,0.9985289331093846,604
562fc2f2c2863ab7e79a9e4388a58a14,260,8814.199999999957,4305.140000000001,0.033962264150943396,11.150943396226415,10.0,4.235074626865671,0.48843230242109575,0.0007896223332558738,0.8103510061729572,614
c6bda72e4dbf5c5866b13cb1810c6d03,59,14059.37999999999,1136.7400000000002,0.03389830508474576,10.135593220338983,7.0,4.398305084745763,0.08085278298189544,0.001259513108362757,0.6786866054831345,615
062ce95fa2ad4dfaedfc79260130565f,55,7520.999999999995,1200.4399999999998,0.03389830508474576,13.40677966101695,12.0,3.966666666666667,0.15961175375614953,0.0006737706846245209,0.8450983735882505,615
6b243f80ed07b10f0e8aa0f21a205f3c,79,6260.099999999993,1547.3,0.033707865168539325,10.9438202247191,9.0,4.022471910112359,0.24716857558185998,0.000560812639651371,0.881100809787526,617
0b90b6df587eb83608a64ea8b390cf07,164,28592.320000000014,3615.32,0.03349282296650718,14.334928229665072,13.0,4.002392344497608,0.12644374433414282,0.0025614502089354343,0.5170742338027547,618
974cf2cb8f4b7add98709c30df02fe10,33,2982.6699999999983,577.0099999999998,0.03333333333333333,11.2,9.5,4.0606060606060606,0.19345418702035427,0.0002672032453010264,0.971904956622575,619
02f5837340d7eb4f653d676c7256523a,30,3883.0499999999993,580.8299999999999,0.03333333333333333,9.6,8.0,4.833333333333333,0.14958087070730483,0.0003478640150154563,0.9475175100087225,619
0bb738e4d789e63e2267697c42d35a2d,30,2388.300000000001,642.3399999999998,0.03333333333333333,11.793103448275861,9.0,4.580645161290323,0.2689528116233302,0.00021395645872739592,0.9832851360941762,619
1464afc72f696af775557a821c2e253f,29,1059.3599999999997,454.4200000000001,0.03333333333333333,11.2,10.0,4.166666666666667,0.4289571061773148,9.490303316897123e-05,0.9982572120797961,619
4bf2f4ee540798a61f9636d12cd9cc80,29,4995.5599999999995,505.4499999999998,0.03333333333333333,13.366666666666667,11.0,4.166666666666667,0.10117984770476181,0.000447528504358845,0.9113265998758149,619
5b67882648febfb6e1225e6ad7164f6b,27,6813.479999999997,618.9399999999999,0.03333333333333333,12.133333333333333,10.0,4.033333333333333,0.09084051028255755,0.0006103873267219094,0.8623591279182048,619
cc3d14116804f7209f3884f6367f1152,27,5477.8,582.7900000000002,0.03333333333333333,13.0,12.0,4.666666666666667,0.10639125196246671,0.0004907300965611226,0.8973560475964839,619
2199e7fe213c16213bf5d6a7eadc9a5d,25,4078.2900000000013,569.4900000000001,0.03333333333333333,11.133333333333333,9.5,4.290322580645161,0.13963940769293012,0.00036535463972840575,0.9393798400868307,619
5cf13accae3222c70a9cac40818ae839,149,14383.199999999984,3019.2700000000027,0.03225806451612903,10.561290322580644,9.0,4.438709677419355,0.20991643027977125,0.001288522604851935,0.6736172654002214,627
4917cee8d902e13428c3ec4b1ca6f315,33,5421.9,1199.64,0.03225806451612903,18.06451612903226,16.0,4.15625,0.2212582305096,0.0004857222809421209,0.8978417698774261,627
72c5da29406b4234927b81855e7b64f6,31,11798.689999999995,853.7799999999999,0.03225806451612903,10.741935483870968,9.0,4.129032258064516,0.07236227072666544,0.001056988623716592,0.7431932791387651,627
f00e21b1e91a79653163b7fd8f293ff1,31,3900.0900000000015,570.97,0.03225806451612903,12.96774193548387,11.0,4.1,0.14639918565981805,0.0003493905477193525,0.9461234183505298,627
1b938a7ec6ac5061a66a3766e0e75f90,30,3987.6000000000017,910.2300000000001,0.03225806451612903,11.193548387096774,10.0,4.242424242424242,0.2282651218778212,0.00035723015317228323,0.9415469646812074,627
95ec4458365c4d11f452ccf538377619,27,1866.7600000000004,436.6699999999999,0.03225806451612903,5.612903225806452,5.0,4.266666666666667,0.23391866120979654,0.00016723416609887935,0.9912539852951456,627
d57e18d5f73c7ccb7f7339b61166898d,61,3187.7000000000035,923.4900000000002,0.031746031746031744,8.984126984126984,7.0,4.444444444444445,0.28970417542428684,0.00028557090963669574,0.965842273758638,633
e7d5b006eb624f13074497221eb37807,28,3478.929999999996,741.4899999999992,0.031746031746031744,10.73015873015873,10.0,3.111111111111111,0.21313737269792724,0.00031166082274442,0.9607722474526899,633
95e03ca3d4146e4011985981aeb959b9,175,11009.959999999981,3233.539999999996,0.031578947368421054,12.236842105263158,11.0,4.00261780104712,0.2936922568292711,0.0009863300474522777,0.7564254294530003,635
9674754b5a0cb32b638cec001178f799,86,5069.92,1214.9099999999994,0.031578947368421054,7.778947368421052,6.0,4.0,0.23963100009467592,0.0004541900637404006,0.9086257012627192,635
2a84855fd20af891be03bc5924d2b453,164,15819.099999999968,3451.509999999997,0.031446540880503145,8.49056603773585,6.0,4.2379518072289155,0.21818624321231955,0.001417158069025893,0.64785741750953,637
ff063b022a9a0aab91bad2c9088760b7,94,12076.5,1984.770000000001,0.03125,9.34375,8.0,4.28421052631579,0.1643497702148802,0.0010818763027347468,0.7336190254816788,638
fad44952713764836814be105382aee5,32,5129.0,507.87999999999994,0.03125,10.71875,9.0,4.28125,0.09902125170598557,0.000459482760462594,0.9072594114918111,638
33576ec5412fb5905d876f12f33bfde6,31,2718.0,569.98,0.03125,14.53125,10.5,4.125,0.2097056659308315,0.0002434927165017217,0.9780069306824397,638
5d3bb11474a06bdc23fb9e89f1164ee0,31,3654.6000000000026,524.22,0.03125,9.65625,9.0,3.9375,0.1434411426695123,0.00032739826406445646,0.9578791580138328,638
4ebdc7e6cd6102a022dadc49156d4ea8,29,928.6999999999997,369.2,0.03125,10.25,9.0,3.75,0.39754495531387973,8.319782406738368e-05,0.9988714103631627,638
3c487ae8f8d7542beff5788e2e0aea83,30,9385.699999999995,719.6500000000002,0.030303030303030304,13.303030303030303,12.0,3.909090909090909,0.0766751547567044,0.0008408203051030934,0.7941060688763405,643
6061155addc1e54b4cfb51c1c2a32ad8,28,15633.399999999998,879.9100000000002,0.030303030303030304,5.515151515151516,5.0,4.696969696969697,0.056283981731421205,0.001400522087622522,0.6534793068883972,643
2b1a40c1daabc6ca280c4b815c101841,23,12732.599999999993,1902.280000000001,0.030303030303030304,13.818181818181818,14.0,3.6285714285714286,0.14940232159967345,0.001140653186949897,0.7191749685581521,643
5c243662ce92d84573bfaff24c3e3700,98,32862.02000000006,1775.6399999999992,0.03,10.85,9.5,4.1313131313131315,0.054033196985456035,0.002943952361859427,0.47842667476863737,646
b76dba6c951ab00dc4edf0a1aa88037e,159,2574.7799999999957,2307.099999999999,0.029940119760479042,10.263473053892216,9.0,4.149700598802395,0.8960377197275118,0.00023066231662777846,0.9806136017351702,647
966cb4760537b1404caedd472cc610a5,75,51286.05000000001,1649.8199999999997,0.029850746268656716,9.985074626865671,8.0,3.8513513513513513,0.03216898162365788,0.004594473742878266,0.3460419101043249,648
ac3508719a1d8f5b7614b798f70af136,103,12775.839999999978,3016.39,0.0297029702970297,9.346534653465346,8.0,4.568627450980392,0.23610110959435973,0.0011445268532712842,0.7157490000572497,649
ea67327e24487bdfac5fbfa37ea124df,32,6250.1799999999985,930.0999999999999,0.029411764705882353,8.588235294117647,7.0,3.5588235294117645,0.1488117142226304,0.0005599239539458169,0.8816607337414718,650
18e694e0e48ed6f7aa3f24aade5fd697,31,701.5399999999997,504.23000000000013,0.029411764705882353,5.970588235294118,5.0,4.676470588235294,0.7187473273084932,6.284763809220668e-05,0.9998083099558011,650
76d64c4aca3a7baf218bf93ef7fa768d,64,16911.79999999999,3543.4900000000007,0.028985507246376812,10.63768115942029,9.0,4.1231884057971016,0.209527667072695,0.001515047874515752,0.6348504370400871,652
86ccac0b835037332a596a33b6949ee1,180,16619.92999999998,3968.6699999999983,0.028846153846153848,11.798076923076923,10.0,4.002392344497608,0.23878981439753377,0.0014889006268463774,0.6363393376669335,653
91f848e9f4be368f4318775aac733370,63,5932.599999999992,1235.5599999999997,0.02857142857142857,10.428571428571429,9.0,4.267605633802817,0.20826619020328377,0.0005314734694327123,0.8881802530175104,654
b92e3c8f9738272ff7c59e111e108d7c,62,8231.089999999991,2414.2099999999996,0.02857142857142857,16.214285714285715,13.0,4.057142857142857,0.2933038030200134,0.0007373842766262524,0.8240246227575098,654
fcb5ace8bcc92f75707dc0f01a27d269,62,8318.63,954.6999999999995,0.02857142857142857,10.32857142857143,8.0,3.7916666666666665,0.1147664940020171,0.0007452265696367611,0.8210633141488163,654
fde0cc9ea29c8ccfc0a2c22256a58c71,35,3922.0,999.2700000000001,0.02857142857142857,8.714285714285714,7.0,4.485714285714286,0.2547858235594085,0.00035135336060329375,0.9440216363435299,654
8bd0f31cf0a614c658f6763bd02dea69,33,4455.339999999997,967.9799999999999,0.02857142857142857,10.142857142857142,7.0,4.205882352941177,0.2172628800495586,0.0003991327592122075,0.926899022473048,654
7722b1df1b0e383e000397b2c11e3e19,134,7094.089999999982,2071.209999999999,0.027777777777777776,8.527777777777779,7.0,4.222222222222222,0.29196274645514847,0.0006355258444472753,0.8555473958819035,659
b839e41795b7f3ad94cc2014a52f6796,33,42829.0,920.93,0.027777777777777776,6.833333333333333,7.0,4.027777777777778,0.02150248663288893,0.0038368467825799254,0.41201729545428134,659
3c4e0452bff7a2a788179488d3d77032,32,3746.4000000000024,606.1199999999999,0.027777777777777776,13.5,11.5,3.742857142857143,0.16178731582319014,0.0003356221902509384,0.9509343085631715,659
c8b3445d737de6befde0c88ede534a5e,30,3149.039999999998,651.7499999999998,0.027777777777777776,11.222222222222221,10.0,3.9722222222222223,0.2069678378172396,0.0002821075437721049,0.9672607343972361,659
1771297ac436903d1dd6b0e9279aa505,28,2881.269999999999,585.1600000000001,0.027777777777777776,9.472222222222221,8.5,4.628571428571429,0.2030909980668248,0.00025811930068981437,0.9734815621075459,659
520b493b57809f446cb0a233bb3e25c7,63,3698.9000000000005,1063.9700000000003,0.0273972602739726,7.328767123287672,7.0,4.376712328767123,0.2876449755332667,0.0003313668907535756,0.9539332169982235,664
aaed1309374718fdd995ee4c58c9dfcd,105,9376.94999999999,2331.069999999999,0.02702702702702703,12.17117117117117,11.0,4.053571428571429,0.24859575874884704,0.0008400364341430525,0.7949461053104835,665
a3dd39f583bc80bd8c5901c95878921e,34,4607.8099999999995,804.3499999999997,0.02702702702702703,12.35135135135135,11.0,4.594594594594595,0.17456231919284862,0.00041279182267247905,0.9224572888982542,665
bacb1f0ed56ad24198f5810d2b3fe9a5,42,6940.449999999996,892.9399999999997,0.02631578947368421,9.763157894736842,10.0,4.075,0.12865736371560924,0.0006217619662414913,0.8580539679568159,667
594f9aaa48e5bf431f011ddc5669b0d5,37,3248.8000000000025,887.61,0.02631578947368421,7.7368421052631575,7.0,4.578947368421052,0.27321164737749304,0.0002910445685690927,0.9646927444648628,667
31561f325664a8a7aba4c8d0c3a9b3db,36,2702.190000000001,627.17,0.02631578947368421,7.2368421052631575,7.0,4.578947368421052,0.23209692878739088,0.00024207637365849431,0.9784911407643183,667
5160d23075764e18e07c1f4a87fad743,34,2429.0,486.4199999999998,0.02631578947368421,9.263157894736842,10.0,4.461538461538462,0.2002552490736928,0.00021760257850724133,0.9826379381871707,667
cc5a78bbad32776dc4e3af205218368c,33,4269.179999999999,1304.1700000000003,0.02631578947368421,7.552631578947368,6.0,4.473684210526316,0.30548489405459606,0.000382455568592649,0.9308050048825984,667
4b5f66b7adcf57f1ecc0d3c07dd6b177,23,6381.779999999999,734.1800000000001,0.02631578947368421,13.5,11.0,4.081081081081081,0.1150431384347314,0.000571713373184826,0.8771433319830897,667
d23019c84ffae2d5ef2270367b8605fc,39,29205.100000000013,2749.7400000000007,0.02564102564102564,11.205128205128204,9.0,4.410256410256411,0.09415273359789898,0.00261634626000899,0.5093032022772608,673
96804ea39d96eb908e7c3afdb671bb9e,38,3610.6999999999975,755.0599999999997,0.02564102564102564,13.435897435897436,12.0,3.9,0.20911734566704523,0.0003234654714763671,0.9595082120807771,673
42bde9fef835393bb8a8849cb6b7f245,35,7703.0,784.8400000000004,0.02564102564102564,9.666666666666666,8.0,4.2,0.10188757626898616,0.0006900752005933635,0.8389626885978417,673
01fd077212124329bac32490e8ef80d9,31,1208.0,575.3600000000001,0.02564102564102564,7.82051282051282,7.0,4.3076923076923075,0.4762913907284769,0.0001082189851118763,0.9977497313327084,673
37be5a7c751166fbc5f8ccba4119e043,272,55350.55,6083.330000000009,0.025179856115107913,10.528776978417266,9.0,4.317689530685921,0.1099055022940153,0.004958593001973647,0.31747725904119045,677
709e16e2b25c7474d980076c6bfc4806,60,5151.899999999997,1226.9599999999996,0.025,10.35,8.0,4.525,0.23815679652167168,0.00046153426274658544,0.9054197693716366,678
ed4acab38528488b65a9a9c603ff024a,32,12759.449999999993,610.3100000000001,0.025,9.076923076923077,7.0,3.725,0.047831999028171306,0.001143058550981564,0.7168920586082312,678
4bfc7a4a1cf8d4d2121c27422d9e50b5,26,8124.399999999994,1067.1900000000003,0.025,8.0,7.0,4.225,0.13135616168578615,0.0007278264260289132,0.8269475100430785,678
cab85505710c7cb9b720bceb52b01cee,206,11389.099999999955,2906.140000000001,0.024509803921568627,10.07843137254902,8.0,4.2860576923076925,0.2551685383392904,0.0010202954001139616,0.7494450908045305,681
b4ffb71f0cb1b1c3d63fad021ecf93e1,144,6656.090000000001,2519.9799999999996,0.024390243902439025,9.628048780487806,9.0,4.024242424242424,0.37859764516405264,0.0005962875038189642,0.8683917540340501,682
66dc1b1632bd6a3e508510c5b3492107,37,3721.3900000000012,727.87,0.024390243902439025,10.292682926829269,8.0,3.4285714285714284,0.1955908948000612,0.00033338166308401115,0.9522720116799825,682
080199a181c46c657dc5aa235411be3b,79,14504.199999999986,1040.6800000000005,0.024096385542168676,8.048192771084338,6.0,4.609756097560975,0.07175025165124595,0.001299362420413638,0.6710300012007562,684
dbc22125167c298ef99da25668e1011f,406,33776.78000000022,8012.379999999986,0.023980815347721823,11.311750599520384,10.0,4.2266355140186915,0.2372156256457819,0.0030259013675059147,0.46647863498556463,685
b410bdd36d5db7a65dcd42b7ead933b8,44,7726.9,1006.7099999999999,0.023809523809523808,9.119047619047619,7.5,4.659090909090909,0.13028640204998124,0.0006922162881299312,0.8382726133972483,686
4200ddf1967c5e41e48db62bc6d4b5ac,22,734.7999999999995,487.93,0.023809523809523808,8.928571428571429,7.0,4.243243243243243,0.6640310288513886,6.58272435928863e-05,0.9996169343558381,686
17ca9b9e9b9ef8fdb529001b49ebb50f,116,9754.829999999993,2365.889999999997,0.0234375,7.953125,6.0,4.007751937984496,0.24253523639058794,0.0008738889093864929,0.778683220504366,688
e26901d5ab434ce92fd9b5c256820a4e,202,11990.89999999995,2947.979999999997,0.023255813953488372,9.325581395348838,8.0,4.0588235294117645,0.24585143733998358,0.001074207805114232,0.734693233286793,689
3f995f07c49d0d55a99d5c54957f7d81,43,3955.7000000000003,671.5000000000001,0.023255813953488372,9.534883720930232,8.0,4.209302325581396,0.16975503703516445,0.0003543723836151069,0.9426109328919522,689
9add47bf45ce8e8c7db6b9cf670b1e09,43,4829.240000000001,1158.0399999999997,0.023255813953488372,12.232558139534884,11.0,4.204545454545454,0.2397975664907935,0.00043262868515039535,0.9156929196891375,689
5a93f3ab0ef4c84ed5e1b5dbf23978bc,39,2338.25,697.1400000000002,0.023255813953488372,14.976744186046512,13.0,4.7272727272727275,0.2981460493959158,0.00020947271683596422,0.9841293391384165,689
7f7b8245c336066a1f9933c359f11d77,38,2094.3600000000006,535.87,0.023255813953488372,7.906976744186046,7.0,4.558139534883721,0.2558633663744532,0.00018762376958518983,0.9876986010425195,689
bf3c6d2a28b2b5501e6c15448982dcc9,35,3956.500000000002,691.6500000000001,0.023255813953488372,10.511627906976743,9.0,4.4186046511627906,0.17481359787691136,0.0003544440518171679,0.9422565605083372,689
6481e96574816ead57975da2c0f6d80d,32,3324.9,1015.9599999999999,0.023255813953488372,7.325581395348837,6.0,4.1395348837209305,0.30556106950584977,0.0002978620062901304,0.9638111350984093,689
609e1a9a6c2539919b8205cf7c4e6ff0,87,6595.229999999988,2687.1899999999973,0.023076923076923078,10.238461538461538,9.0,3.598360655737705,0.4074444712314813,0.0005908353453471843,0.8713595459274724,696
c3cfdc648177fdbbbb35635a37472c53,278,43048.18000000019,6079.629999999998,0.02280130293159609,9.648208469055374,8.0,4.447712418300654,0.1412285025754857,0.0038564820782395625,0.40818044867170145,697
d66c305afaec317ebee552073a674429,41,4886.459999999998,1199.2400000000002,0.022727272727272728,10.227272727272727,8.0,4.404255319148936,0.24542102053429285,0.0004377547533027971,0.9130864869331784,698
817245bcc3badd82bbd222e0366951a6,29,5580.499999999998,722.5799999999996,0.022727272727272728,10.886363636363637,8.0,4.073170731707317,0.12948302123465635,0.0004999305020006833,0.8958789883483227,698
48162d548f5b1b11b9d29d1e01f75a61,68,20510.139999999996,2082.0299999999997,0.02247191011235955,11.202247191011235,10.0,3.758241758241758,0.101512227610343,0.00183740607227028,0.5906082521070195,700
ca3bd7cd9f149df75950150d010fe4a2,71,9731.85,3439.52,0.022222222222222223,13.748148148148148,11.0,3.7246376811594204,0.3534292041081603,0.0008718302402822959,0.7804274498512844,701
58f1a6197ed863543e0136bdedb3fce2,44,6833.0,1070.69,0.022222222222222223,10.418604651162791,10.0,4.155555555555556,0.15669398507244256,0.0006121360308521944,0.8611368213569419,701
d98eec89afa3380e14463da2aabaea72,168,6968.529999999977,3256.7799999999997,0.02185792349726776,8.46448087431694,7.0,4.293956043956044,0.4673553819815672,0.0006242775201338252,0.8574322059905743,703
bccf933e006e9b94a6184af782963e77,45,4162.739999999998,884.4700000000001,0.021739130434782608,11.5,9.0,4.533333333333333,0.21247303458779568,0.00037292011430845344,0.934954869704499,704
06e5eefc71ec47ae763c5c6f8db7064f,92,22188.560000000005,2193.280000000001,0.021505376344086023,10.86021505376344,10.0,3.903225806451613,0.09884733394145455,0.0019877677518989854,0.5770658823967537,705
b8bc237ba3788b23da09c0f1f3a3288c,45,13685.709999999995,1935.4500000000003,0.02127659574468085,11.76595744680851,11.0,4.3478260869565215,0.14142123426552228,0.0012260377870326623,0.6860983356444166,706
33a17d60c64393351ebf1ef860f4e0f2,43,8152.480000000001,1279.3799999999999,0.02127659574468085,10.51063829787234,9.0,4.617021276595745,0.15693138774949458,0.0007303419799212495,0.8262196836170496,706
3d8fa2f5b647373c8620330c4e077a9f,43,3571.729999999997,818.8200000000004,0.02127659574468085,9.27659574468085,8.0,4.1022727272727275,0.2292502512787924,0.00031997433418347814,0.9598281864149606,706
8bb48dc19fccaa8613b6229bf7f452a2,82,4190.719999999998,1857.399999999998,0.021052631578947368,11.2,10.0,4.336842105263158,0.4432173946243125,0.00037542670967553155,0.9338343194482273,709
4c03b9dd4c11ee2cb35c96c49efc9420,48,6458.5999999999985,843.7299999999998,0.020833333333333332,10.458333333333334,9.0,4.1063829787234045,0.1306366704858638,0.0005785953122877187,0.8736924363856581,710
c68fb906c8f4b4b946d8386bfa6e5467,45,4541.160000000003,892.4500000000002,0.020833333333333332,11.125,11.0,4.51063829787234,0.1965246765143707,0.0004068209655882852,0.9232746790763985,710
229c3efbfb0ea2058de4ccdfbc3d784a,121,15744.0,2362.5699999999983,0.020689655172413793,10.8,10.0,3.643835616438356,0.1500616107723576,0.0014104302165574342,0.6492678477260875,712
efcd8d2104f1a05d028af7bad20d974b,47,2424.7799999999997,855.4100000000001,0.02,10.14,9.0,4.176470588235294,0.35277839639060043,0.00021722452874137037,0.9828551627159121,713
ce27a3cc3c8cc1ea79d11e561e9bebb6,135,10682.649999999989,2329.22,0.019867549668874173,9.980132450331126,9.0,3.8714285714285714,0.21803765919505014,0.0009570078984316094,0.7622579006141301,714
6cd68b3ed6d59aaa9fece558ad360c0a,149,11188.569999999972,2529.890000000001,0.01910828025477707,10.40764331210191,9.0,4.445859872611465,0.22611379291544917,0.0010023308694148865,0.7524650356485926,715
259f7b5e6e482c230e5bfaa670b6bb8f,138,8526.039999999975,2739.21,0.018518518518518517,8.537037037037036,7.0,4.213414634146342,0.3212757622530516,0.0007638074468735589,0.8165589264400755,716
a5cba26a62b8b4d0145b68b841e62e7f,54,14737.84,1382.8200000000004,0.018518518518518517,13.11111111111111,13.0,4.527272727272727,0.0938278607991402,0.001320293118825509,0.6684233865867345,716
b1a81260566c1bac3114a6d124413f27,51,8684.689999999991,1565.5099999999998,0.018518518518518517,8.518518518518519,8.0,4.222222222222222,0.18026089589841449,0.0007780201471947518,0.8142537823263178,716
83e197e95a1bbabc8c75e883ed016c47,47,6693.689999999997,986.3699999999999,0.018518518518518517,10.518518518518519,10.0,4.745454545454545,0.14735818360276623,0.0005996559093158236,0.8671975745545386,716
f680f85bee2d253556ac91be391d2c82,45,5183.919999999997,893.4200000000003,0.018518518518518517,10.185185185185185,10.0,4.296296296296297,0.17234448062470115,0.0004644027825340708,0.9044947658046878,716
612170e34b97004b3ba37eae81836b4c,107,23065.02000000002,2307.0600000000004,0.01818181818181818,10.772727272727273,10.0,4.427272727272728,0.10002419247848034,0.0020662856423717974,0.5649107743650243,721
0ef83d7d83ed97cd2a0049ac8be5f88a,48,4421.009999999999,1026.8000000000002,0.01818181818181818,9.563636363636364,8.0,4.2407407407407405,0.23225462055050777,0.00039605729749127164,0.9280898855065092,721
2a5b78b41cd05baeac8df54c6606b92c,49,19025.36000000001,1107.4699999999998,0.017857142857142856,9.267857142857142,8.0,4.083333333333333,0.05821019943906444,0.0017043916809504041,0.6046666391430912,723
8c16d1f32a54d92897cc437244442e1b,108,5642.599999999993,2112.07,0.01694915254237288,10.90677966101695,9.0,4.327586206896552,0.3743079431467768,0.000505493746185656,0.8948783542235915,724
1b8356dabde1d35e17cef975c3f82730,56,3426.3899999999962,987.2199999999997,0.016666666666666666,10.266666666666667,8.5,4.081967213114754,0.28812248459749207,0.000306954013574074,0.9616966767781696,725
289cdb325fb7e7f891c38608bf9e0962,110,13544.949999999979,2094.3400000000006,0.016,6.576,6.0,4.579365079365079,0.15462146408809216,0.0012134277668800551,0.6921904786186635,726
6c7d50c24b3ccd2fd83b44d8bb34e073,114,8699.34,2770.849999999999,0.015873015873015872,12.055555555555555,11.0,4.3858267716535435,0.3185126687771715,0.0007793325711449917,0.8134757621791232,727
33a6f4b1e7cdc205511e76ba1b6e0186,105,10295.009999999984,1888.8999999999999,0.015873015873015872,8.436507936507937,6.0,4.357142857142857,0.18347723800171178,0.0009222810711230264,0.7697450033276669,727
8ae520247981aa06bc94abddf5f46d34,65,16320.990000000002,1445.349999999999,0.015384615384615385,10.876923076923077,9.0,4.446153846153846,0.08855774067627017,0.0014621200114412931,0.6378014576783748,729
0ea22c1cfbdc755f86b9b54b39c16043,237,10711.699999999946,4363.609999999998,0.01509433962264151,11.015094339622642,9.0,4.3226415094339625,0.40736857828356093,0.00095961035001894,0.7613008927156985,730
12b9676b00f60f3b700e83af21824c0e,135,26774.0,3568.69,0.015037593984962405,15.022556390977444,13.0,4.522388059701493,0.1332893852244715,0.002398555552471338,0.529179407910551,731
cb8bcce248bb1fb274ba762d8b971456,68,9402.199999999988,1232.8200000000002,0.014925373134328358,12.522388059701493,11.0,4.260869565217392,0.1311203760821937,0.0008422984617705978,0.7924233675767439,732
751bdc4d83a466c7206cd42e8f426b03,54,6648.929999999989,1054.8099999999997,0.014705882352941176,11.014705882352942,9.0,3.6231884057971016,0.1586435712212343,0.0005956460734105187,0.8689874001074607,733
582d4f8675b945722eda7c0cb61ba4c7,59,4702.959999999997,980.9700000000004,0.014084507042253521,10.56338028169014,9.0,4.112676056338028,0.20858565669280643,0.0004213158594550906,0.9203735896744866,734
d921b68bf747894be13a97ae52b0f386,77,15645.799999999994,1758.01,0.012987012987012988,9.935064935064934,9.0,4.558441558441558,0.11236306229147763,0.0014016329447544649,0.6520787848007746,735
9d5a9018aee56acb367ba9c3f05d1d6a,67,10292.309999999994,1689.9000000000008,0.01282051282051282,14.384615384615385,12.5,4.405063291139241,0.16419054614561762,0.0009220391909410719,0.7706670425186081,736
744dac408745240a2c2528fb1b6028f3,79,22490.6,1894.4199999999992,0.012048192771084338,11.156626506024097,11.0,4.5476190476190474,0.08423163454954512,0.002014826081587057,0.5750781146448548,737
0df3984f9dfb3d49ac6366acbd3bbb85,87,10021.489999999989,1498.7200000000005,0.011363636363636364,9.545454545454545,8.0,4.303370786516854,0.1495506157268033,0.0008977777128384239,0.7733678434837781,738
725c32fa80c2faacc4fc88450d27314e,89,7838.879999999988,1327.78,0.010752688172043012,9.408602150537634,7.0,4.538461538461538,0.1693838915763479,0.0007022480447133971,0.8334072051832994,739
d12c926d74ceff0a90a21184466ce161,78,3944.1800000000035,1248.6400000000003,0.010309278350515464,8.494845360824742,8.0,4.090909090909091,0.31657784381037357,0.000353340361505431,0.9433185829273959,740
530ec6109d11eaaf87999465c6afee01,97,12983.809999999981,2656.400000000001,0.009900990099009901,10.673267326732674,8.0,4.221153846153846,0.20459325883542695,0.001163157898249527,0.709982641020816,741
822166ed1e47908f7cfb49946d03c726,69,3714.829999999998,1821.1199999999985,0.009259259259259259,13.768518518518519,11.0,3.9245283018867925,0.49022970095535984,0.00033279398382711196,0.9529379293213662,742
0bae85eb84b9fb3bd773911e89288d54,137,7482.209999999988,2924.1899999999996,0.006896551724137931,10.172413793103448,9.0,4.205479452054795,0.3908190227218969,0.0006702956726770949,0.8457686692609276,743
fc906263ca5083d09dce42fe02247800,114,4497.700000000003,1885.5799999999977,0.0,9.316239316239317,9.0,4.369747899159663,0.4192320519376563,0.00040292759051132975,0.9252976807081358,744
9616352088dcf83a7c06637f4ebf1c80,92,5702.9999999999945,1787.5700000000002,0.0,12.329896907216495,12.0,4.244897959183674,0.31344380150797857,0.00051090469544125,0.8933572199270158,744
f3b80352b986ab4d1057a4b724be19d0,87,10505.099999999995,2187.6299999999983,0.0,10.505494505494505,10.0,4.130434782608695,0.20824456692463655,0.0009411020368367311,0.765098342591753,744
b372ee768ed69e46ca8cdbd267aa7a38,63,12630.0,1183.84,0.0,12.217391304347826,10.0,4.398550724637682,0.09373238321456848,0.001131461740035594,0.7237179379476194,744
57e632711dec9ec14ca7546769483e7e,62,6350.059999999999,1207.9800000000002,0.0,10.646153846153846,9.0,4.446153846153846,0.19023127340529075,0.0005688717289731135,0.878283578452993,744
e882b2a25a10b9c057cc49695f222c19,57,51057.53999999999,2856.219999999999,0.0,9.448275862068966,8.0,4.586206896551724,0.05594119889050666,0.004574002616812109,0.350615912721137,744
cc63f0dd2acba93ffed4fe9f8e0321fa,55,7096.709999999997,1399.9699999999996,0.0,8.936507936507937,8.0,4.0476190476190474,0.1972702843993907,0.0006357605578090259,0.8549118700374563,744
fa1a9dec3a9940c072684a46728bf1fc,55,6673.999999999994,1201.71,0.0,14.616666666666667,14.0,3.983050847457627,0.1800584357207074,0.0005978919756926007,0.8677954665302312,744
3504c0cb71d7fa48d967e0e4c94d59d9,53,2349.9400000000005,687.3700000000001,0.0,7.2075471698113205,6.0,4.415094339622642,0.29250534056188665,0.00021051996843857835,0.9839198664215806,744
2b3e4a2a3ea8e01938cabda2a3e5cc79,52,23629.150000000016,905.9500000000002,0.0,8.61111111111111,7.0,4.388888888888889,0.038340355027582436,0.0021168233709075277,0.5607569104574485,744
aae3bfea055532c57fb453ed3ec80b30,48,3057.9199999999987,799.2499999999999,0.0,12.44,11.0,3.5510204081632653,0.2613704740477188,0.0002739445355573747,0.9692045820832073,744
3bb548e3cb7f70f28e3f11ee9dce0e59,46,7690.019999999997,896.7899999999998,0.0,10.60377358490566,10.0,3.981132075471698,0.11661738200940963,0.000688912384014926,0.8396516009818566,744
81f89e42267213cb94da7ddc301651da,46,3955.0,766.1800000000002,0.0,7.5576923076923075,7.0,3.5384615384615383,0.19372439949431106,0.0003543096739383036,0.9429652425658904,744
4da0e408c99d2fdc2126dc9fce518060,44,3026.0000000000014,938.7300000000002,0.0,9.185185185185185,8.0,4.444444444444445,0.31022141440845996,0.0002710849742951472,0.9702938760448554,744
acce39e832338debb07b02385cde5967,44,4748.100000000001,1175.5599999999997,0.0,7.0227272727272725,6.0,4.4772727272727275,0.24758534992944534,0.00042535973775637416,0.9182593911514797,744
34d1ca11b242c0fee2c834ae8d788566,40,13422.240000000003,982.0399999999998,0.0,13.097560975609756,11.0,4.3,0.07316513488061602,0.0012024347605364494,0.6970130937491619,744
6df688df543f90e9b38f4319e75a9d88,40,1949.9600000000014,783.6000000000003,0.0,8.218181818181819,8.0,4.517857142857143,0.4018543970132719,0.00017468765911320735,0.9902355389346453,744
b1ac6ea7895bc3dd6f0f6f4abbdd2821,40,3139.0,825.3299999999998,0.0,10.105263157894736,10.0,4.2682926829268295,0.2629276839757884,0.0002812081078362415,0.9675419425050724,744
6338ea67c41078a46ad99cc009654956,37,2286.090000000001,924.3000000000002,0.0,13.113636363636363,12.0,4.609756097560975,0.4043147907562693,0.00020479995006159719,0.9849552649994264,744
718539d38d07dd351c76db862760e2e2,37,1318.9,659.0500000000003,0.0,7.837209302325581,7.0,4.333333333333333,0.4996967169611041,0.00011815398962256097,0.9964054974509846,744
325f3178fb58e2a9778334621eecdbf9,36,981.6999999999991,451.66999999999973,0.0,6.282608695652174,5.5,4.456521739130435,0.46008964041968026,8.794584245391463e-05,0.9986168789518385,744
5cbbd5a299cab112b7bf23862255e43e,36,2726.0599999999995,659.1500000000001,0.0,10.631578947368421,9.0,4.315789473684211,0.24179585188880665,0.00024421477363748467,0.9777634379659379,744
bba74270a87732727b5a3b4fd9ac1c39,36,6001.589999999996,758.8500000000001,0.0,9.15,8.0,3.8048780487804876,0.12644149300435395,0.0005376539560079347,0.8860449276043885,744
bd4889b5e9133b35b66e42a8665cea5c,36,6271.899999999998,984.6399999999999,0.0,10.119047619047619,8.0,4.463414634146342,0.15699229898435885,0.0005618697456317688,0.8805399971478747,744
e49c26c3edfa46d227d5121a6b6e4d37,35,3654.25,1175.4599999999998,0.0,11.6,10.0,4.416666666666667,0.321669289183827,0.00032736690922605463,0.9582065249230589,744
33ac3e28642ab8bda860a2f693000e78,34,3661.03,490.0899999999999,0.0,8.628571428571428,8.0,4.228571428571429,0.1338666987159351,0.0003279742972385203,0.9565686046036673,744
b90e891671cffd9557f33a97dc523645,34,4449.0,632.3100000000002,0.0,7.512820512820513,6.0,4.128205128205129,0.14212407282535405,0.00039856478871087554,0.9272975872617588,744
48efc9d94a9834137efd9ea76b065a38,33,345.5999999999999,320.4000000000001,0.0,10.764705882352942,11.0,5.0,0.9270833333333338,3.096066329028513e-05,0.9999764274324904,744
9baf5cb77970f539089d09a38bcec5c3,32,6129.6699999999955,543.73,0.0,14.78125,14.5,4.333333333333333,0.0887046121569351,0.0005491280351578761,0.8833246525970134,744
0ebd97a106433a45a4aebe57c1799778,31,3046.8000000000015,614.8799999999999,0.0,9.1875,7.0,4.5,0.20181173690429288,0.00027294834754872923,0.9697505146124058,744
f67efa3f0b6761102a7f8c6b7b571f5d,31,5188.679999999997,841.49,0.0,9.90625,9.5,4.4375,0.16217804913773842,0.00046482920833633277,0.9040303630221537,744
40d54b51e962dbe09cabbcfd33298dee,30,6785.5599999999995,537.69,0.0,7.129032258064516,6.0,3.903225806451613,0.07924032799061538,0.0006078861064699862,0.8635755128942725,744
94e93ce877be27a515118dbfd2c2be41,30,5674.569999999999,868.1500000000003,0.0,13.5,13.0,3.9411764705882355,0.15298956572920952,0.0005083577867105131,0.8938655777137263,744
73a63f72308aa20a46f4b1632018f196,29,9606.8,1178.9899999999998,0.0,11.428571428571429,12.0,4.05,0.12272452845900819,0.0008606276044476599,0.7864817376812026,744
bf00385a5f7fc1ef39a13c2e9ee50a5f,29,870.2999999999996,342.7299999999999,0.0,5.714285714285714,4.0,4.310344827586207,0.3938067333103528,7.796604531694198e-05,0.9990315798362435,744
14a08204d03bb6b6bde8029f801ae0eb,28,2185.4,593.6999999999998,0.0,8.578947368421053,7.0,3.8157894736842106,0.2716665141392879,0.00019577961097971396,0.9867450851772332,744
960945e1a9535cbc0cd6ddd35fbe7ae8,28,3381.73,479.7999999999999,0.0,5.9655172413793105,5.0,4.655172413793103,0.14188004364629936,0.0003029531361940277,0.9629144144915511,744
671585f5a2af58b6e276bc01003c0d2b,27,1244.0,448.11000000000007,0.0,5.518518518518518,6.0,4.703703703703703,0.3602170418006431,0.00011144405420461433,0.9970953621262344,744
7ade73f1b9b4e965f9009a4c3a7e2c15,27,1880.3000000000006,457.8700000000001,0.0,9.592592592592593,9.0,4.777777777777778,0.24350901451895973,0.00016844715041875916,0.9909190744118003,744
f41ce2e25237f9092cd8e6e7516c7a2f,27,2030.9,331.6999999999999,0.0,8.518518518518519,7.0,4.321428571428571,0.16332660396868376,0.00018193868945671324,0.9888069273910773,744
272f092de69afedd4d2969440b37f18f,26,1935.3300000000008,536.01,0.0,9.35897435897436,9.0,3.986842105263158,0.2769605183612096,0.00017337702686801959,0.9904089159615134,744
3481aa57cd91f9f9d3fa1fa12d9a3bf7,25,1773.0300000000002,774.14,0.0,10.2,9.0,3.88,0.436619797747359,0.00015883734037492553,0.9923966935677896,744
5debea795b07621e1f90532e18f96145,25,1883.7800000000009,504.3500000000001,0.0,10.090909090909092,7.0,4.2727272727272725,0.26773296244784417,0.00016875890709772387,0.9907506272613814,744
916748bc99315c2d202898ae58b1617e,25,369.39999999999986,377.11000000000007,0.0,10.4375,10.0,4.34375,1.020871683811587,3.309279230159528e-05,0.9999454667692002,744
b2a6d334e2833acea353624840e25a0e,25,1650.9800000000007,387.6099999999999,0.0,10.538461538461538,8.0,4.5,0.23477570897285233,0.0001479034602980179,0.9936151506507495,744
e48b04bf1aa1ef711caebeb7aede6180,25,3187.1000000000013,645.63,0.0,10.52,9.0,4.48,0.2025760095384518,0.0002855171584851499,0.966127790917123,744
c731d18cea9bf687ffee82a241c25b11,24,3662.0,610.6500000000001,0.0,7.653846153846154,7.0,3.96,0.1667531403604588,0.0003280611949335191,0.9559126425714024,744
e6a69c4a27dfdd98ffe5aa757ad744bc,24,2076.2,442.73999999999995,0.0,10.217391304347826,7.0,3.6206896551724137,0.21324535208554088,0.00018599690139840856,0.9880712443383973,744
013900e863eace745d3ec7614cab5b1a,23,1619.6999999999998,469.66999999999996,0.0,11.307692307692308,10.5,4.730769230769231,0.2899734518738038,0.00014510123359743877,0.9942000868072144,744
42ef3192a9ff87a22d1867b74b3ee205,23,1354.0900000000001,301.88,0.0,9.217391304347826,8.0,4.6521739130434785,0.2229393910301383,0.00012130649466071241,0.9960457768277906,744
5c853bb56f70f4d14218944bae111d7a,23,263.13000000000005,251.05999999999986,0.0,8.625,8.0,4.041666666666667,0.9541291376885943,2.3572567510337762e-05,1.0000000000000009,744
79ed755314cfe6df0daef2c6cd3022cd,23,3907.5000000000014,459.1600000000001,0.0,9.24,8.0,4.695652173913044,0.11750735764555341,0.00035005437444094107,0.9454241929122383,744
7e26c750b4cb9f6766f58265ff9ebe95,23,1344.2999999999995,388.88000000000005,0.0,9.444444444444445,9.0,4.407407407407407,0.2892806665178905,0.00012042945503799277,0.9962873434613619,744
916c9de0b5ad957346eeeb12f332687e,23,5480.25,493.5300000000001,0.0,8.11111111111111,6.0,4.392857142857143,0.09005611057889697,0.0004909495804299339,0.8968653174999227,744
42fa4ee7240e9b8eb4576358ec142ba7,22,3845.7,518.7699999999999,0.0,6.7272727272727275,6.0,4.809523809523809,0.13489611774189353,0.0003445180058317406,0.9482088232775064,744
52f9db5cfb423382a2fa5c9e39303202,22,1269.7700000000002,358.77000000000004,0.0,9.863636363636363,8.0,4.173913043478261,0.2825472329634501,0.00011375266616349933,0.9969839180720298,744
bd697db56ff8e7c9cd1abeb7f72029b2,22,3069.779999999999,345.42,0.0,10.80952380952381,11.0,4.181818181818182,0.11252272149795756,0.0002750070166529267,0.9689306375476499,744
d8c7ba53e7e38711eaef8c2849d6d2e1,22,1190.87,597.47,0.0,8.090909090909092,7.5,4.5,0.5017088347174755,0.00010668438973524844,0.9978564157224435,744
e9511df20ccd82658a30c37b7fb343af,22,2096.5999999999995,726.5000000000001,0.0,9.5,8.0,4.466666666666667,0.34651340265191277,0.0001878244405509601,0.9875109772729344,744
eed78ac17f7f795a19a709745f00cd4e,22,4349.500000000004,846.3399999999998,0.0,9.732142857142858,9.0,3.4107142857142856,0.19458328543510728,0.00038965105607955823,0.9292614258968424,744
02ecc2a19303f05e59ce133fd923fff7,21,5264.190000000001,478.21000000000004,0.0,10.791666666666666,9.0,4.541666666666667,0.09084208586696148,0.0004715937907583512,0.902630908790742,744
3785b653b1b82de85ab47dd139938091,21,1552.0000000000007,481.27000000000004,0.0,11.25,9.5,4.75,0.31009664948453597,0.0001390363119980398,0.9946238420730971,744
55d3daac7c404d59e51c2aa2f4dc5a23,21,4480.599999999999,1309.88,0.0,8.821428571428571,8.0,3.9285714285714284,0.29234477525331437,0.0004013956826922789,0.925699076390828,744
5bffbafbb22daf6d3bfc216a46db8708,21,5239.699999999996,454.5,0.0,8.73913043478261,8.0,4.695652173913044,0.08674160734393196,0.0004693998479227631,0.9031003086386648,744
679769a98cfcc6da877c8486ff1c13f3,21,7029.0,438.38999999999993,0.0,9.523809523809524,7.0,4.571428571428571,0.06236875800256081,0.0006296947403571015,0.8568079284704406,744
845e8036c3f7bf62099352f5ed910240,21,1584.6000000000004,460.64,0.0,8.291666666666666,7.5,3.8333333333333335,0.29069796794143626,0.00014195679123201922,0.994484805761099,744
b347677812ea483b0f528eaf8cbc09b7,21,7288.99,762.3500000000001,0.0,13.142857142857142,12.0,4.523809523809524,0.10458925036253311,0.0006529860101743503,0.8497465133766847,744
c72de06d72748d1a0dfb2125be43ba63,21,17522.0,1211.18,0.0,9.681818181818182,10.0,4.454545454545454,0.06912338774112545,0.0015697127956376628,0.6209738686492339,744
e21a1e8be4715b0fcfd5385643bc49c4,21,703.5999999999997,472.2900000000001,0.0,16.47826086956522,17.0,3.6666666666666665,0.6712478681068793,6.303218371251336e-05,0.9997454623177089,744
f9244d45189d3a3605499abddeade7d5,21,15731.429999999997,875.99,0.0,15.15,11.0,4.285714285714286,0.055684066864868625,0.001409304129932553,0.6506771518560199,744
41c2bad7229b0c25e6becf179ebf63ff,20,782.0,189.92000000000002,0.0,4.478260869565218,4.0,4.956521739130435,0.24286445012787725,7.005566751447621e-05,0.9995511071122452,744
8ab42aa58097fd4668d60cc648225d5f,20,2616.75,593.6399999999999,0.0,11.153846153846153,10.0,4.153846153846154,0.22686156491831466,0.00023442220967839596,0.9799199565622617,744
93b9a99027bd8bd6af682aff18dd19bf,20,1953.0,467.11,0.0,11.2,10.0,4.1,0.23917562724014338,0.00017495999828103843,0.990060851275532,744
bf100ecb7997df312b285358fb32f92c,20,1991.9000000000008,345.11,0.0,9.714285714285714,9.0,4.368421052631579,0.17325668959285098,0.0001784448646062471,0.9897092694725346,744
ffff564a4f9085cd26170f4732393726,20,1426.3000000000002,344.56,0.0,12.75,12.5,2.1,0.24157610600855356,0.00012777544574922947,0.9955454503589736,744
